Generation,Name,Form,Type1,Type2,Total,HP,Attack,Defense,Sp. Atk,Sp. Def,Speed,Height,Weight
1,Bulbasaur, ,Grass,Poison,318,45,49,49,65,65,45,0.7,6.9
1,Ivysaur, ,Grass,Poison,405,60,62,63,80,80,60,1,13
1,Venusaur, ,Grass,Poison,525,80,82,83,100,100,80,2,100
1,Charmander, ,Fire, ,309,39,52,43,60,50,65,0.6,8.5
1,Charmeleon, ,Fire, ,405,58,64,58,80,65,80,1.1,19
1,Charizard, ,Fire,Flying,534,78,84,78,109,85,100,1.7,90.5
1,Squirtle, ,Water, ,314,44,48,65,50,64,43,0.5,9
1,Wartortle, ,Water, ,405,59,63,80,65,80,58,1,22.5
1,Blastoise, ,Water, ,530,79,83,100,85,105,78,1.6,85.5
1,Caterpie, ,Bug, ,195,45,30,35,20,20,45,0.3,2.9
1,Metapod, ,Bug, ,205,50,20,55,25,25,30,0.7,9.9
1,Butterfree, ,Bug,Flying,395,60,45,50,90,80,70,1.1,32
1,Weedle, ,Bug,Poison,195,40,35,30,20,20,50,0.3,3.2
1,Kakuna, ,Bug,Poison,205,45,25,50,25,25,35,0.6,10
1,Beedrill, ,Bug,Poison,395,65,90,40,45,80,75,1,29.5
1,Pidgey, ,Normal,Flying,251,40,45,40,35,35,56,0.3,1.8
1,Pidgeotto, ,Normal,Flying,349,63,60,55,50,50,71,1.1,30
1,Pidgeot, ,Normal,Flying,479,83,80,75,70,70,101,1.5,39.5
1,Rattata, ,Normal, ,253,30,56,35,25,35,72,0.3,3.5
1,Raticate, ,Normal, ,413,55,81,60,50,70,97,0.7,18.5
1,Spearow, ,Normal,Flying,262,40,60,30,31,31,70,0.3,2
1,Fearow, ,Normal,Flying,442,65,90,65,61,61,100,1.2,38
1,Ekans, ,Poison, ,288,35,60,44,40,54,55,2,6.9
1,Arbok, ,Poison, ,448,60,95,69,65,79,80,3.5,65
1,Pikachu, ,Electric, ,320,35,55,40,50,50,90,0.4,6
1,Raichu, ,Electric, ,485,60,90,55,90,80,110,0.8,30
1,Sandshrew, ,Ground, ,300,50,75,85,20,30,40,0.6,12
1,Sandslash, ,Ground, ,450,75,100,110,45,55,65,1,29.5
1,Nidoran,Female,Poison, ,275,55,47,52,40,40,41,0.4,7
1,Nidorina, ,Poison, ,365,70,62,67,55,55,56,0.8,20
1,Nidoqueen, ,Poison,Ground,505,90,92,87,75,85,76,1.3,60
1,Nidoran,Male,Poison, ,273,46,57,40,40,40,50,0.5,9
1,Nidorino, ,Poison, ,365,61,72,57,55,55,65,0.9,19.5
1,Nidoking, ,Poison,Ground,505,81,102,77,85,75,85,1.4,62
1,Clefairy, ,Fairy, ,323,70,45,48,60,65,35,0.6,7.5
1,Clefable, ,Fairy, ,483,95,70,73,95,90,60,1.3,40
1,Vulpix, ,Fire, ,299,38,41,40,50,65,65,0.6,9.9
1,Ninetales, ,Fire, ,505,73,76,75,81,100,100,1.1,19.9
1,Jigglypuff, ,Normal,Fairy,270,115,45,20,45,25,20,0.5,5.5
1,Wigglytuff, ,Normal,Fairy,435,140,70,45,85,50,45,1,12
1,Zubat, ,Poison,Flying,245,40,45,35,30,40,55,0.8,7.5
1,Golbat, ,Poison,Flying,455,75,80,70,65,75,90,1.6,55
1,Oddish, ,Grass,Poison,320,45,50,55,75,65,30,0.5,5.4
1,Gloom, ,Grass,Poison,395,60,65,70,85,75,40,0.8,8.6
1,Vileplume, ,Grass,Poison,490,75,80,85,110,90,50,1.2,18.6
1,Paras, ,Bug,Grass,285,35,70,55,45,55,25,0.3,5.4
1,Parasect, ,Bug,Grass,405,60,95,80,60,80,30,1,29.5
1,Venonat, ,Bug,Poison,305,60,55,50,40,55,45,1,30
1,Venomoth, ,Bug,Poison,450,70,65,60,90,75,90,1.5,12.5
1,Diglett, ,Ground, ,265,10,55,25,35,45,95,0.2,0.8
1,Dugtrio, ,Ground, ,425,35,100,50,50,70,120,0.7,33.3
1,Meowth, ,Normal, ,290,40,45,35,40,40,90,0.4,4.2
1,Persian, ,Normal, ,440,65,70,60,65,65,115,1,32
1,Psyduck, ,Water, ,320,50,52,48,65,50,55,0.8,19.6
1,Golduck, ,Water, ,500,80,82,78,95,80,85,1.7,76.6
1,Mankey, ,Fighting, ,305,40,80,35,35,45,70,0.5,28
1,Primeape, ,Fighting, ,455,65,105,60,60,70,95,1,32
1,Growlithe, ,Fire, ,350,55,70,45,70,50,60,0.7,19
1,Arcanine, ,Fire, ,555,90,110,80,100,80,95,1.9,155
1,Poliwag, ,Water, ,300,40,50,40,40,40,90,0.6,12.4
1,Poliwhirl, ,Water, ,385,65,65,65,50,50,90,1,20
1,Poliwrath, ,Water,Fighting,510,90,95,95,70,90,70,1.3,54
1,Abra, ,Psychic, ,310,25,20,15,105,55,90,0.9,19.5
1,Kadabra, ,Psychic, ,400,40,35,30,120,70,105,1.3,56.5
1,Alakazam, ,Psychic, ,500,55,50,45,135,95,120,1.5,48
1,Machop, ,Fighting, ,305,70,80,50,35,35,35,0.8,19.5
1,Machoke, ,Fighting, ,405,80,100,70,50,60,45,1.5,70.5
1,Machamp, ,Fighting, ,505,90,130,80,65,85,55,1.6,130
1,Bellsprout, ,Grass,Poison,300,50,75,35,70,30,40,0.7,4
1,Weepinbell, ,Grass,Poison,390,65,90,50,85,45,55,1,6.4
1,Victreebel, ,Grass,Poison,490,80,105,65,100,70,70,1.7,15.5
1,Tentacool, ,Water,Poison,335,40,40,35,50,100,70,0.9,45.5
1,Tentacruel, ,Water,Poison,515,80,70,65,80,120,100,1.6,55
1,Geodude, ,Rock,Ground,300,40,80,100,30,30,20,0.4,20
1,Graveler, ,Rock,Ground,390,55,95,115,45,45,35,1,105
1,Golem, ,Rock,Ground,495,80,120,130,55,65,45,1.4,300
1,Ponyta, ,Fire, ,410,50,85,55,65,65,90,1,30
1,Rapidash, ,Fire, ,500,65,100,70,80,80,105,1.7,95
1,Slowpoke, ,Water,Psychic,315,90,65,65,40,40,15,1.2,36
1,Slowbro, ,Water,Psychic,490,95,75,110,100,80,30,1.6,78.5
1,Magnemite, ,Electric,Steel,325,25,35,70,95,55,45,0.3,6
1,Magneton, ,Electric,Steel,465,50,60,95,120,70,70,1,60
1,Farfetch'd, ,Normal,Flying,377,52,90,55,58,62,60,0.8,15
1,Doduo, ,Normal,Flying,310,35,85,45,35,35,75,1.4,39.2
1,Dodrio, ,Normal,Flying,470,60,110,70,60,60,110,1.8,85.2
1,Seel, ,Water, ,325,65,45,55,45,70,45,1.1,90
1,Dewgong, ,Water,Ice,475,90,70,80,70,95,70,1.7,120
1,Grimer, ,Poison, ,325,80,80,50,40,50,25,0.9,30
1,Muk, ,Poison, ,500,105,105,75,65,100,50,1.2,30
1,Shellder, ,Water, ,305,30,65,100,45,25,40,0.3,4
1,Cloyster, ,Water,Ice,525,50,95,180,85,45,70,1.5,132.5
1,Gastly, ,Ghost,Poison,310,30,35,30,100,35,80,1.3,0.1
1,Haunter, ,Ghost,Poison,405,45,50,45,115,55,95,1.6,0.1
1,Gengar, ,Ghost,Poison,500,60,65,60,130,75,110,1.5,40.5
1,Onix, ,Rock,Ground,385,35,45,160,30,45,70,8.8,210
1,Drowzee, ,Psychic, ,328,60,48,45,43,90,42,1,32.4
1,Hypno, ,Psychic, ,483,85,73,70,73,115,67,1.6,75.6
1,Krabby, ,Water, ,325,30,105,90,25,25,50,0.4,6.5
1,Kingler, ,Water, ,475,55,130,115,50,50,75,1.3,60
1,Voltorb, ,Electric, ,330,40,30,50,55,55,100,0.5,10.4
1,Electrode, ,Electric, ,490,60,50,70,80,80,150,1.2,66.6
1,Exeggcute, ,Grass,Psychic,325,60,40,80,60,45,40,0.4,2.5
1,Exeggutor, ,Grass,Psychic,530,95,95,85,125,75,55,2,120
1,Cubone, ,Ground, ,320,50,50,95,40,50,35,0.4,6.5
1,Marowak, ,Ground, ,425,60,80,110,50,80,45,1,45
1,Hitmonlee, ,Fighting, ,455,50,120,53,35,110,87,1.5,49.8
1,Hitmonchan, ,Fighting, ,455,50,105,79,35,110,76,1.4,50.2
1,Lickitung, ,Normal, ,385,90,55,75,60,75,30,1.2,65.5
1,Koffing, ,Poison, ,340,40,65,95,60,45,35,0.6,1
1,Weezing, ,Poison, ,490,65,90,120,85,70,60,1.2,9.5
1,Rhyhorn, ,Ground,Rock,345,80,85,95,30,30,25,1,115
1,Rhydon, ,Ground,Rock,485,105,130,120,45,45,40,1.9,120
1,Chansey, ,Normal, ,450,250,5,5,35,105,50,1.1,34.6
1,Tangela, ,Grass, ,435,65,55,115,100,40,60,1,35
1,Kangaskhan, ,Normal, ,490,105,95,80,40,80,90,2.2,80
1,Horsea, ,Water, ,295,30,40,70,70,25,60,0.4,8
1,Seadra, ,Water, ,440,55,65,95,95,45,85,1.2,25
1,Goldeen, ,Water, ,320,45,67,60,35,50,63,0.6,15
1,Seaking, ,Water, ,450,80,92,65,65,80,68,1.3,39
1,Staryu, ,Water, ,340,30,45,55,70,55,85,0.8,34.5
1,Starmie, ,Water,Psychic,520,60,75,85,100,85,115,1.1,80
1,Mr. Mime, ,Psychic,Fairy,460,40,45,65,100,120,90,1.3,54.5
1,Scyther, ,Bug,Flying,500,70,110,80,55,80,105,1.5,56
1,Jynx, ,Ice,Psychic,455,65,50,35,115,95,95,1.4,40.6
1,Electabuzz, ,Electric, ,490,65,83,57,95,85,105,1.1,30
1,Magmar, ,Fire, ,495,65,95,57,100,85,93,1.3,44.5
1,Pinsir, ,Bug, ,500,65,125,100,55,70,85,1.5,55
1,Tauros, ,Normal, ,490,75,100,95,40,70,110,1.4,88.4
1,Magikarp, ,Water, ,200,20,10,55,15,20,80,0.9,10
1,Gyarados, ,Water,Flying,540,95,125,79,60,100,81,6.5,235
1,Lapras, ,Water,Ice,535,130,85,80,85,95,60,2.5,220
1,Ditto, ,Normal, ,288,48,48,48,48,48,48,0.3,4
1,Eevee, ,Normal, ,325,55,55,50,45,65,55,0.3,6.5
1,Vaporeon, ,Water, ,525,130,65,60,110,95,65,1,29
1,Jolteon, ,Electric, ,525,65,65,60,110,95,130,0.8,24.5
1,Flareon, ,Fire, ,525,65,130,60,95,110,65,0.9,25
1,Porygon, ,Normal, ,395,65,60,70,85,75,40,0.8,36.5
1,Omanyte, ,Rock,Water,355,35,40,100,90,55,35,0.4,7.5
1,Omastar, ,Rock,Water,495,70,60,125,115,70,55,1,35
1,Kabuto, ,Rock,Water,355,30,80,90,55,45,55,0.5,11.5
1,Kabutops, ,Rock,Water,495,60,115,105,65,70,80,1.3,40.5
1,Aerodactyl, ,Rock,Flying,515,80,105,65,60,75,130,1.8,59
1,Snorlax, ,Normal, ,540,160,110,65,65,110,30,2.1,460
1,Articuno, ,Ice,Flying,580,90,85,100,95,125,85,1.7,55.4
1,Zapdos, ,Electric,Flying,580,90,90,85,125,90,100,1.6,52.6
1,Moltres, ,Fire,Flying,580,90,100,90,125,85,90,2,60
1,Dratini, ,Dragon, ,300,41,64,45,50,50,50,1.8,3.3
1,Dragonair, ,Dragon, ,420,61,84,65,70,70,70,4,16.5
1,Dragonite, ,Dragon,Flying,600,91,134,95,100,100,80,2.2,210
1,Mewtwo, ,Psychic, ,680,106,110,90,154,90,130,2,122
1,Mew, ,Psychic, ,600,100,100,100,100,100,100,0.4,4
2,Chikorita, ,Grass, ,318,45,49,65,49,65,45,0.9,6.4
2,Bayleef, ,Grass, ,405,60,62,80,63,80,60,1.2,15.8
2,Meganium, ,Grass, ,525,80,82,100,83,100,80,1.8,100.5
2,Cyndaquil, ,Fire, ,309,39,52,43,60,50,65,0.5,7.9
2,Quilava, ,Fire, ,405,58,64,58,80,65,80,0.9,19
2,Typhlosion, ,Fire, ,534,78,84,78,109,85,100,1.7,79.5
2,Totodile, ,Water, ,314,50,65,64,44,48,43,0.6,9.5
2,Croconaw, ,Water, ,405,65,80,80,59,63,58,1.1,25
2,Feraligatr, ,Water, ,530,85,105,100,79,83,78,2.3,88.8
2,Sentret, ,Normal, ,215,35,46,34,35,45,20,0.8,6
2,Furret, ,Normal, ,415,85,76,64,45,55,90,1.8,32.5
2,Hoothoot, ,Normal,Flying,262,60,30,30,36,56,50,0.7,21.2
2,Noctowl, ,Normal,Flying,452,100,50,50,86,96,70,1.6,40.8
2,Ledyba, ,Bug,Flying,265,40,20,30,40,80,55,1,10.8
2,Ledian, ,Bug,Flying,390,55,35,50,55,110,85,1.4,35.6
2,Spinarak, ,Bug,Poison,250,40,60,40,40,40,30,0.5,8.5
2,Ariados, ,Bug,Poison,400,70,90,70,60,70,40,1.1,33.5
2,Crobat, ,Poison,Flying,535,85,90,80,70,80,130,1.8,75
2,Chinchou, ,Water,Electric,330,75,38,38,56,56,67,0.5,12
2,Lanturn, ,Water,Electric,460,125,58,58,76,76,67,1.2,22.5
2,Pichu, ,Electric, ,205,20,40,15,35,35,60,0.3,2
2,Cleffa, ,Fairy, ,218,50,25,28,45,55,15,0.3,3
2,Igglybuff, ,Normal,Fairy,210,90,30,15,40,20,15,0.3,1
2,Togepi, ,Fairy, ,245,35,20,65,40,65,20,0.3,1.5
2,Togetic, ,Fairy,Flying,405,55,40,85,80,105,40,0.6,3.2
2,Natu, ,Psychic,Flying,320,40,50,45,70,45,70,0.2,2
2,Xatu, ,Psychic,Flying,470,65,75,70,95,70,95,1.5,15
2,Mareep, ,Electric, ,280,55,40,40,65,45,35,0.6,7.8
2,Flaaffy, ,Electric, ,365,70,55,55,80,60,45,0.8,13.3
2,Ampharos, ,Electric, ,510,90,75,85,115,90,55,1.4,61.5
2,Bellossom, ,Grass, ,490,75,80,95,90,100,50,0.4,5.8
2,Marill, ,Water,Fairy,250,70,20,50,20,50,40,0.4,8.5
2,Azumarill, ,Water,Fairy,420,100,50,80,60,80,50,0.8,28.5
2,Sudowoodo, ,Rock, ,410,70,100,115,30,65,30,1.2,38
2,Politoed, ,Water, ,500,90,75,75,90,100,70,1.1,33.9
2,Hoppip, ,Grass,Flying,250,35,35,40,35,55,50,0.4,0.5
2,Skiploom, ,Grass,Flying,340,55,45,50,45,65,80,0.6,1
2,Jumpluff, ,Grass,Flying,460,75,55,70,55,95,110,0.8,3
2,Aipom, ,Normal, ,360,55,70,55,40,55,85,0.8,11.5
2,Sunkern, ,Grass, ,180,30,30,30,30,30,30,0.3,1.8
2,Sunflora, ,Grass, ,425,75,75,55,105,85,30,0.8,8.5
2,Yanma, ,Bug,Flying,390,65,65,45,75,45,95,1.2,38
2,Wooper, ,Water,Ground,210,55,45,45,25,25,15,0.4,8.5
2,Quagsire, ,Water,Ground,430,95,85,85,65,65,35,1.4,75
2,Espeon, ,Psychic, ,525,65,65,60,130,95,110,0.9,26.5
2,Umbreon, ,Dark, ,525,95,65,110,60,130,65,1,27
2,Murkrow, ,Dark,Flying,405,60,85,42,85,42,91,0.5,2.1
2,Slowking, ,Water,Psychic,490,95,75,80,100,110,30,2,79.5
2,Misdreavus, ,Ghost, ,435,60,60,60,85,85,85,0.7,1
2,Unown, ,Psychic, ,336,48,72,48,72,48,48,0.5,5
2,Wobbuffet, ,Psychic, ,405,190,33,58,33,58,33,1.3,28.5
2,Girafarig, ,Normal,Psychic,455,70,80,65,90,65,85,1.5,41.5
2,Pineco, ,Bug, ,290,50,65,90,35,35,15,0.6,7.2
2,Forretress, ,Bug,Steel,465,75,90,140,60,60,40,1.2,125.8
2,Dunsparce, ,Normal, ,415,100,70,70,65,65,45,1.5,14
2,Gligar, ,Ground,Flying,430,65,75,105,35,65,85,1.1,64.8
2,Steelix, ,Steel,Ground,510,75,85,200,55,65,30,9.2,400
2,Snubbull, ,Fairy, ,300,60,80,50,40,40,30,0.6,7.8
2,Granbull, ,Fairy, ,450,90,120,75,60,60,45,1.4,48.7
2,Qwilfish, ,Water,Poison,440,65,95,85,55,55,85,0.5,3.9
2,Scizor, ,Bug,Steel,500,70,130,100,55,80,65,1.8,118
2,Shuckle, ,Bug,Rock,505,20,10,230,10,230,5,0.6,20.5
2,Heracross, ,Bug,Fighting,500,80,125,75,40,95,85,1.5,54
2,Sneasel, ,Dark,Ice,430,55,95,55,35,75,115,0.9,28
2,Teddiursa, ,Normal, ,330,60,80,50,50,50,40,0.6,8.8
2,Ursaring, ,Normal, ,500,90,130,75,75,75,55,1.8,125.8
2,Slugma, ,Fire, ,250,40,40,40,70,40,20,0.7,35
2,Magcargo, ,Fire,Rock,430,60,50,120,90,80,30,0.8,55
2,Swinub, ,Ice,Ground,250,50,50,40,30,30,50,0.4,6.5
2,Piloswine, ,Ice,Ground,450,100,100,80,60,60,50,1.1,55.8
2,Corsola, ,Water,Rock,410,65,55,95,65,95,35,0.6,5
2,Remoraid, ,Water, ,300,35,65,35,65,35,65,0.6,12
2,Octillery, ,Water, ,480,75,105,75,105,75,45,0.9,28.5
2,Delibird, ,Ice,Flying,330,45,55,45,65,45,75,0.9,16
2,Mantine, ,Water,Flying,485,85,40,70,80,140,70,2.1,220
2,Skarmory, ,Steel,Flying,465,65,80,140,40,70,70,1.7,50.5
2,Houndour, ,Dark,Fire,330,45,60,30,80,50,65,0.6,10.8
2,Houndoom, ,Dark,Fire,500,75,90,50,110,80,95,1.4,35
2,Kingdra, ,Water,Dragon,540,75,95,95,95,95,85,1.8,152
2,Phanpy, ,Ground, ,330,90,60,60,40,40,40,0.5,33.5
2,Donphan, ,Ground, ,500,90,120,120,60,60,50,1.1,120
2,Porygon2, ,Normal, ,515,85,80,90,105,95,60,0.6,32.5
2,Stantler, ,Normal, ,465,73,95,62,85,65,85,1.4,71.2
2,Smeargle, ,Normal, ,250,55,20,35,20,45,75,1.2,58
2,Tyrogue, ,Fighting, ,210,35,35,35,35,35,35,0.7,21
2,Hitmontop, ,Fighting, ,455,50,95,95,35,110,70,1.4,48
2,Smoochum, ,Ice,Psychic,305,45,30,15,85,65,65,0.4,6
2,Elekid, ,Electric, ,360,45,63,37,65,55,95,0.6,23.5
2,Magby, ,Fire, ,365,45,75,37,70,55,83,0.7,21.4
2,Miltank, ,Normal, ,490,95,80,105,40,70,100,1.2,75.5
2,Blissey, ,Normal, ,540,255,10,10,75,135,55,1.5,46.8
2,Raikou, ,Electric, ,580,90,85,75,115,100,115,1.9,178
2,Entei, ,Fire, ,580,115,115,85,90,75,100,2.1,198
2,Suicune, ,Water, ,580,100,75,115,90,115,85,2,187
2,Larvitar, ,Rock,Ground,300,50,64,50,45,50,41,0.6,72
2,Pupitar, ,Rock,Ground,410,70,84,70,65,70,51,1.2,152
2,Tyranitar, ,Rock,Dark,600,100,134,110,95,100,61,2,202
2,Lugia, ,Psychic,Flying,680,106,90,130,90,154,110,5.2,216
2,Ho-oh, ,Fire,Flying,680,106,130,90,110,154,90,3.8,199
2,Celebi, ,Psychic,Grass,600,100,100,100,100,100,100,0.6,5
3,Treecko, ,Grass, ,310,40,45,35,65,55,70,0.5,5
3,Grovyle, ,Grass, ,405,50,65,45,85,65,95,0.9,21.6
3,Sceptile, ,Grass, ,530,70,85,65,105,85,120,1.7,52.2
3,Torchic, ,Fire, ,310,45,60,40,70,50,45,0.4,2.5
3,Combusken, ,Fire,Fighting,405,60,85,60,85,60,55,0.9,19.5
3,Blaziken, ,Fire,Fighting,530,80,120,70,110,70,80,1.9,52
3,Mudkip, ,Water, ,310,50,70,50,50,50,40,0.4,7.6
3,Marshtomp, ,Water,Ground,405,70,85,70,60,70,50,0.7,28
3,Swampert, ,Water,Ground,535,100,110,90,85,90,60,1.5,81.9
3,Poochyena, ,Dark, ,220,35,55,35,30,30,35,0.5,13.6
3,Mightyena, ,Dark, ,420,70,90,70,60,60,70,1,37
3,Zigzagoon, ,Normal, ,240,38,30,41,30,41,60,0.4,17.5
3,Linoone, ,Normal, ,420,78,70,61,50,61,100,0.5,32.5
3,Wurmple, ,Bug, ,195,45,45,35,20,30,20,0.3,3.6
3,Silcoon, ,Bug, ,205,50,35,55,25,25,15,0.6,10
3,Beautifly, ,Bug,Flying,395,60,70,50,100,50,65,1,28.4
3,Cascoon, ,Bug, ,205,50,35,55,25,25,15,0.7,11.5
3,Dustox, ,Bug,Poison,385,60,50,70,50,90,65,1.2,31.6
3,Lotad, ,Water,Grass,220,40,30,30,40,50,30,0.5,2.6
3,Lombre, ,Water,Grass,340,60,50,50,60,70,50,1.2,32.5
3,Ludicolo, ,Water,Grass,480,80,70,70,90,100,70,1.5,55
3,Seedot, ,Grass, ,220,40,40,50,30,30,30,0.5,4
3,Nuzleaf, ,Grass,Dark,340,70,70,40,60,40,60,1,28
3,Shiftry, ,Grass,Dark,480,90,100,60,90,60,80,1.3,59.6
3,Taillow, ,Normal,Flying,270,40,55,30,30,30,85,0.3,2.3
3,Swellow, ,Normal,Flying,455,60,85,60,75,50,125,0.7,19.8
3,Wingull, ,Water,Flying,270,40,30,30,55,30,85,0.6,9.5
3,Pelipper, ,Water,Flying,440,60,50,100,95,70,65,1.2,28
3,Ralts, ,Psychic,Fairy,198,28,25,25,45,35,40,0.4,6.6
3,Kirlia, ,Psychic,Fairy,278,38,35,35,65,55,50,0.8,20.2
3,Gardevoir, ,Psychic,Fairy,518,68,65,65,125,115,80,1.6,48.4
3,Surskit, ,Bug,Water,269,40,30,32,50,52,65,0.5,1.7
3,Masquerain, ,Bug,Flying,454,70,60,62,100,82,80,0.8,3.6
3,Shroomish, ,Grass, ,295,60,40,60,40,60,35,0.4,4.5
3,Breloom, ,Grass,Fighting,460,60,130,80,60,60,70,1.2,39.2
3,Slakoth, ,Normal, ,280,60,60,60,35,35,30,0.8,24
3,Vigoroth, ,Normal, ,440,80,80,80,55,55,90,1.4,46.5
3,Slaking, ,Normal, ,670,150,160,100,95,65,100,2,130.5
3,Nincada, ,Bug,Ground,266,31,45,90,30,30,40,0.5,5.5
3,Ninjask, ,Bug,Flying,456,61,90,45,50,50,160,0.8,12
3,Shedinja, ,Bug,Ghost,236,1,90,45,30,30,40,0.8,1.2
3,Whismur, ,Normal, ,240,64,51,23,51,23,28,0.6,16.3
3,Loudred, ,Normal, ,360,84,71,43,71,43,48,1,40.5
3,Exploud, ,Normal, ,490,104,91,63,91,73,68,1.5,84
3,Makuhita, ,Fighting, ,237,72,60,30,20,30,25,1,86.4
3,Hariyama, ,Fighting, ,474,144,120,60,40,60,50,2.3,253.8
3,Azurill, ,Normal,Fairy,190,50,20,40,20,40,20,0.2,2
3,Nosepass, ,Rock, ,375,30,45,135,45,90,30,1,97
3,Skitty, ,Normal, ,260,50,45,45,35,35,50,0.6,11
3,Delcatty, ,Normal, ,400,70,65,65,55,55,90,1.1,32.6
3,Sableye, ,Dark,Ghost,380,50,75,75,65,65,50,0.5,11
3,Mawile, ,Steel,Fairy,380,50,85,85,55,55,50,0.6,11.5
3,Aron, ,Steel,Rock,330,50,70,100,40,40,30,0.4,60
3,Lairon, ,Steel,Rock,430,60,90,140,50,50,40,0.9,120
3,Aggron, ,Steel,Rock,530,70,110,180,60,60,50,2.1,360
3,Meditite, ,Fighting,Psychic,280,30,40,55,40,55,60,0.6,11.2
3,Medicham, ,Fighting,Psychic,410,60,60,75,60,75,80,1.3,31.5
3,Electrike, ,Electric, ,295,40,45,40,65,40,65,0.6,15.2
3,Manectric, ,Electric, ,475,70,75,60,105,60,105,1.5,40.2
3,Plusle, ,Electric, ,405,60,50,40,85,75,95,0.4,4.2
3,Minun, ,Electric, ,405,60,40,50,75,85,95,0.4,4.2
3,Volbeat, ,Bug, ,430,65,73,75,47,85,85,0.7,17.7
3,Illumise, ,Bug, ,430,65,47,75,73,85,85,0.6,17.7
3,Roselia, ,Grass,Poison,400,50,60,45,100,80,65,0.3,2
3,Gulpin, ,Poison, ,302,70,43,53,43,53,40,0.4,10.3
3,Swalot, ,Poison, ,467,100,73,83,73,83,55,1.7,80
3,Carvanha, ,Water,Dark,305,45,90,20,65,20,65,0.8,20.8
3,Sharpedo, ,Water,Dark,460,70,120,40,95,40,95,1.8,88.8
3,Wailmer, ,Water, ,400,130,70,35,70,35,60,2,130
3,Wailord, ,Water, ,500,170,90,45,90,45,60,14.5,398
3,Numel, ,Fire,Ground,305,60,60,40,65,45,35,0.7,24
3,Camerupt, ,Fire,Ground,460,70,100,70,105,75,40,1.9,220
3,Torkoal, ,Fire, ,470,70,85,140,85,70,20,0.5,80.4
3,Spoink, ,Psychic, ,330,60,25,35,70,80,60,0.7,30.6
3,Grumpig, ,Psychic, ,470,80,45,65,90,110,80,0.9,71.5
3,Spinda, ,Normal, ,360,60,60,60,60,60,60,1.1,5
3,Trapinch, ,Ground, ,290,45,100,45,45,45,10,0.7,15
3,Vibrava, ,Ground,Dragon,340,50,70,50,50,50,70,1.1,15.3
3,Flygon, ,Ground,Dragon,520,80,100,80,80,80,100,2,82
3,Cacnea, ,Grass, ,335,50,85,40,85,40,35,0.4,51.3
3,Cacturne, ,Grass,Dark,475,70,115,60,115,60,55,1.3,77.4
3,Swablu, ,Normal,Flying,310,45,40,60,40,75,50,0.4,1.2
3,Altaria, ,Dragon,Flying,490,75,70,90,70,105,80,1.1,20.6
3,Zangoose, ,Normal, ,458,73,115,60,60,60,90,1.3,40.3
3,Seviper, ,Poison, ,458,73,100,60,100,60,65,2.7,52.5
3,Lunatone, ,Rock,Psychic,460,90,55,65,95,85,70,1,168
3,Solrock, ,Rock,Psychic,460,90,95,85,55,65,70,1.2,154
3,Barboach, ,Water,Ground,288,50,48,43,46,41,60,0.4,1.9
3,Whiscash, ,Water,Ground,468,110,78,73,76,71,60,0.9,23.6
3,Corphish, ,Water, ,308,43,80,65,50,35,35,0.6,11.5
3,Crawdaunt, ,Water,Dark,468,63,120,85,90,55,55,1.1,32.8
3,Baltoy, ,Ground,Psychic,300,40,40,55,40,70,55,0.5,21.5
3,Claydol, ,Ground,Psychic,500,60,70,105,70,120,75,1.5,108
3,Lileep, ,Rock,Grass,355,66,41,77,61,87,23,1,23.8
3,Cradily, ,Rock,Grass,495,86,81,97,81,107,43,1.5,60.4
3,Anorith, ,Rock,Bug,355,45,95,50,40,50,75,0.7,12.5
3,Armaldo, ,Rock,Bug,495,75,125,100,70,80,45,1.5,68.2
3,Feebas, ,Water, ,200,20,15,20,10,55,80,0.6,7.4
3,Milotic, ,Water, ,540,95,60,79,100,125,81,6.2,162
3,Castform, ,Normal, ,420,70,70,70,70,70,70,0.3,0.8
3,Castform,Sunny Form,Fire, ,420,70,70,70,70,70,70,0.3,0.8
3,Castform,Rainy Form,Water, ,420,70,70,70,70,70,70,0.3,0.8
3,Castform,Snowy Form,Ice, ,420,70,70,70,70,70,70,0.3,0.8
3,Kecleon, ,Normal, ,440,60,90,70,60,120,40,1,22
3,Shuppet, ,Ghost, ,295,44,75,35,63,33,45,0.6,2.3
3,Banette, ,Ghost, ,455,64,115,65,83,63,65,1.1,12.5
3,Duskull, ,Ghost, ,295,20,40,90,30,90,25,0.8,15
3,Dusclops, ,Ghost, ,455,40,70,130,60,130,25,1.6,30.6
3,Tropius, ,Grass,Flying,460,99,68,83,72,87,51,2,100
3,Chimecho, ,Psychic, ,455,75,50,80,95,90,65,0.6,1
3,Absol, ,Dark, ,465,65,130,60,75,60,75,1.2,47
3,Wynaut, ,Psychic, ,260,95,23,48,23,48,23,0.6,14
3,Snorunt, ,Ice, ,300,50,50,50,50,50,50,0.7,16.8
3,Glalie, ,Ice, ,480,80,80,80,80,80,80,1.5,256.5
3,Spheal, ,Ice,Water,290,70,40,50,55,50,25,0.8,39.5
3,Sealeo, ,Ice,Water,410,90,60,70,75,70,45,1.1,87.6
3,Walrein, ,Ice,Water,530,110,80,90,95,90,65,1.4,150.6
3,Clamperl, ,Water, ,345,35,64,85,74,55,32,0.4,52.5
3,Huntail, ,Water, ,485,55,104,105,94,75,52,1.7,27
3,Gorebyss, ,Water, ,485,55,84,105,114,75,52,1.8,22.6
3,Relicanth, ,Water,Rock,485,100,90,130,45,65,55,1,23.4
3,Luvdisc, ,Water, ,330,43,30,55,40,65,97,0.6,8.7
3,Bagon, ,Dragon, ,300,45,75,60,40,30,50,0.6,42.1
3,Shelgon, ,Dragon, ,420,65,95,100,60,50,50,1.1,110.5
3,Salamence, ,Dragon,Flying,600,95,135,80,110,80,100,1.5,102.6
3,Beldum, ,Steel,Psychic,300,40,55,80,35,60,30,0.6,95.2
3,Metang, ,Steel,Psychic,420,60,75,100,55,80,50,1.2,202.5
3,Metagross, ,Steel,Psychic,600,80,135,130,95,90,70,1.6,550
3,Regirock, ,Rock, ,580,80,100,200,50,100,50,1.7,230
3,Regice, ,Ice, ,580,80,50,100,100,200,50,1.8,175
3,Registeel, ,Steel, ,580,80,75,150,75,150,50,1.9,205
3,Latias, ,Dragon,Psychic,600,80,80,90,110,130,110,1.4,40
3,Latios, ,Dragon,Psychic,600,80,90,80,130,110,110,2,60
3,Kyogre, ,Water, ,670,100,100,90,150,140,90,4.5,352
3,Groudon, ,Ground, ,670,100,150,140,100,90,90,3.5,950
3,Rayquaza, ,Dragon,Flying,680,105,150,90,150,90,95,7,206.5
3,Jirachi, ,Steel,Psychic,600,100,100,100,100,100,100,0.3,1.1
3,Deoxys,Normal Forme,Psychic, ,600,50,150,50,150,50,150,1.7,60.8
3,Deoxys,Attack Forme,Psychic, ,600,50,180,20,180,20,150,1.7,60.8
3,Deoxys,Defense Forme,Psychic, ,600,50,70,160,70,160,90,1.7,60.8
3,Deoxys,Speed Forme,Psychic, ,600,50,95,90,95,90,180,1.7,60.8
4,Turtwig, ,Grass, ,318,55,68,64,45,55,31,0.4,10.2
4,Grotle, ,Grass, ,405,75,89,85,55,65,36,1.1,97
4,Torterra, ,Grass,Ground,525,95,109,105,75,85,56,2.2,310
4,Chimchar, ,Fire, ,309,44,58,44,58,44,61,0.5,6.2
4,Monferno, ,Fire,Fighting,405,64,78,52,78,52,81,0.9,22
4,Infernape, ,Fire,Fighting,534,76,104,71,104,71,108,1.2,55
4,Piplup, ,Water, ,314,53,51,53,61,56,40,0.4,5.2
4,Prinplup, ,Water, ,405,64,66,68,81,76,50,0.8,23
4,Empoleon, ,Water,Steel,530,84,86,88,111,101,60,1.7,84.5
4,Starly, ,Normal,Flying,245,40,55,30,30,30,60,0.3,2
4,Staravia, ,Normal,Flying,340,55,75,50,40,40,80,0.6,15.5
4,Staraptor, ,Normal,Flying,485,85,120,70,50,60,100,1.2,24.9
4,Bidoof, ,Normal, ,250,59,45,40,35,40,31,0.5,20
4,Bibarel, ,Normal,Water,410,79,85,60,55,60,71,1,31.5
4,Kricketot, ,Bug, ,194,37,25,41,25,41,25,0.3,2.2
4,Kricketune, ,Bug, ,384,77,85,51,55,51,65,1,25.5
4,Shinx, ,Electric, ,263,45,65,34,40,34,45,0.5,9.5
4,Luxio, ,Electric, ,363,60,85,49,60,49,60,0.9,30.5
4,Luxray, ,Electric, ,523,80,120,79,95,79,70,1.4,42
4,Budew, ,Grass,Poison,280,40,30,35,50,70,55,0.2,1.2
4,Roserade, ,Grass,Poison,515,60,70,65,125,105,90,0.9,14.5
4,Cranidos, ,Rock, ,350,67,125,40,30,30,58,0.9,31.5
4,Rampardos, ,Rock, ,495,97,165,60,65,50,58,1.6,102.5
4,Shieldon, ,Rock,Steel,350,30,42,118,42,88,30,0.5,57
4,Bastiodon, ,Rock,Steel,495,60,52,168,47,138,30,1.3,149.5
4,Burmy,Plant Cloak,Bug, ,224,40,29,45,29,45,36,0.2,3.4
4,Burmy,Sandy Cloak,Bug, ,224,40,29,45,29,45,36,0.2,3.4
4,Burmy,Trash Cloak,Bug, ,224,40,29,45,29,45,36,0.2,3.4
4,Wormadam,Plant Cloak,Bug,Grass,424,60,59,85,79,105,36,0.5,6.5
4,Wormadam,Sandy Cloak,Bug,Ground,424,60,79,105,59,85,36,0.5,6.5
4,Wormadam,Trash Cloak,Bug,Steel,424,60,69,95,69,95,36,0.5,6.5
4,Mothim, ,Bug,Flying,424,70,94,50,94,50,66,0.9,23.3
4,Combee, ,Bug,Flying,244,30,30,42,30,42,70,0.3,5.5
4,Vespiquen, ,Bug,Flying,474,70,80,102,80,102,40,1.2,38.5
4,Pachirisu, ,Electric, ,405,60,45,70,45,90,95,0.4,3.9
4,Buizel, ,Water, ,330,55,65,35,60,30,85,0.7,29.5
4,Floatzel, ,Water, ,495,85,105,55,85,50,115,1.1,33.5
4,Cherubi, ,Grass, ,275,45,35,45,62,53,35,0.4,3.3
4,Cherrim, ,Grass, ,450,70,60,70,87,78,85,0.5,9.3
4,Shellos, ,Water, ,325,76,48,48,57,62,34,0.3,6.3
4,Gastrodon, ,Water,Ground,475,111,83,68,92,82,39,0.9,29.9
4,Ambipom, ,Normal, ,482,75,100,66,60,66,115,1.2,20.3
4,Drifloon, ,Ghost,Flying,348,90,50,34,60,44,70,0.4,1.2
4,Drifblim, ,Ghost,Flying,498,150,80,44,90,54,80,1.2,15
4,Buneary, ,Normal, ,350,55,66,44,44,56,85,0.4,5.5
4,Lopunny, ,Normal, ,480,65,76,84,54,96,105,1.2,33.3
4,Mismagius, ,Ghost, ,495,60,60,60,105,105,105,0.9,4.4
4,Honchkrow, ,Dark,Flying,505,100,125,52,105,52,71,0.9,27.3
4,Glameow, ,Normal, ,310,49,55,42,42,37,85,0.5,3.9
4,Purugly, ,Normal, ,452,71,82,64,64,59,112,1,43.8
4,Chingling, ,Psychic, ,285,45,30,50,65,50,45,0.2,0.6
4,Stunky, ,Poison,Dark,329,63,63,47,41,41,74,0.4,19.2
4,Skuntank, ,Poison,Dark,479,103,93,67,71,61,84,1,38
4,Bronzor, ,Steel,Psychic,300,57,24,86,24,86,23,0.5,60.5
4,Bronzong, ,Steel,Psychic,500,67,89,116,79,116,33,1.3,187
4,Bonsly, ,Rock, ,290,50,80,95,10,45,10,0.5,15
4,Mime Jr., ,Psychic,Fairy,310,20,25,45,70,90,60,0.6,13
4,Happiny, ,Normal, ,220,100,5,5,15,65,30,0.6,24.4
4,Chatot, ,Normal,Flying,411,76,65,45,92,42,91,0.5,1.9
4,Spiritomb, ,Ghost,Dark,485,50,92,108,92,108,35,1,108
4,Gible, ,Dragon,Ground,300,58,70,45,40,45,42,0.7,20.5
4,Gabite, ,Dragon,Ground,410,68,90,65,50,55,82,1.4,56
4,Garchomp, ,Dragon,Ground,600,108,130,95,80,85,102,1.9,95
4,Munchlax, ,Normal, ,390,135,85,40,40,85,5,0.6,105
4,Riolu, ,Fighting, ,285,40,70,40,35,40,60,0.7,20.2
4,Lucario, ,Fighting,Steel,525,70,110,70,115,70,90,1.2,54
4,Hippopotas, ,Ground, ,330,68,72,78,38,42,32,0.8,49.5
4,Hippowdon, ,Ground, ,525,108,112,118,68,72,47,2,300
4,Skorupi, ,Poison,Bug,330,40,50,90,30,55,65,0.8,12
4,Drapion, ,Poison,Dark,500,70,90,110,60,75,95,1.3,61.5
4,Croagunk, ,Poison,Fighting,300,48,61,40,61,40,50,0.7,23
4,Toxicroak, ,Poison,Fighting,490,83,106,65,86,65,85,1.3,44.4
4,Carnivine, ,Grass, ,454,74,100,72,90,72,46,1.4,27
4,Finneon, ,Water, ,330,49,49,56,49,61,66,0.4,7
4,Lumineon, ,Water, ,460,69,69,76,69,86,91,1.2,24
4,Mantyke, ,Water,Flying,345,45,20,50,60,120,50,1,65
4,Snover, ,Grass,Ice,334,60,62,50,62,60,40,1,50.5
4,Abomasnow, ,Grass,Ice,494,90,92,75,92,85,60,2.2,135.5
4,Weavile, ,Dark,Ice,510,70,120,65,45,85,125,1.1,34
4,Magnezone, ,Electric,Steel,535,70,70,115,130,90,60,1.2,180
4,Lickilicky, ,Normal, ,515,110,85,95,80,95,50,1.7,140
4,Rhyperior, ,Ground,Rock,535,115,140,130,55,55,40,2.4,282.8
4,Tangrowth, ,Grass, ,535,100,100,125,110,50,50,2,128.6
4,Electivire, ,Electric, ,540,75,123,67,95,85,95,1.8,138.6
4,Magmortar, ,Fire, ,540,75,95,67,125,95,83,1.6,68
4,Togekiss, ,Fairy,Flying,545,85,50,95,120,115,80,1.5,38
4,Yanmega, ,Bug,Flying,515,86,76,86,116,56,95,1.9,51.5
4,Leafeon, ,Grass, ,525,65,110,130,60,65,95,1,25.5
4,Glaceon, ,Ice, ,525,65,60,110,130,95,65,0.8,25.9
4,Gliscor, ,Ground,Flying,510,75,95,125,45,75,95,2,42.5
4,Mamoswine, ,Ice,Ground,530,110,130,80,70,60,80,2.5,291
4,Porygon-Z, ,Normal, ,535,85,80,70,135,75,90,0.9,34
4,Gallade, ,Psychic,Fighting,518,68,125,65,65,115,80,1.6,52
4,Probopass, ,Rock,Steel,525,60,55,145,75,150,40,1.4,340
4,Dusknoir, ,Ghost, ,525,45,100,135,65,135,45,2.2,106.6
4,Froslass, ,Ice,Ghost,480,70,80,70,80,70,110,1.3,26.6
4,Rotom, ,Electric,Ghost,440,50,50,77,95,77,91,0.3,0.3
4,Rotom,Heat Rotom,Electric,Fire,520,50,65,107,105,107,86,0.3,0.3
4,Rotom,Wash Rotom,Electric,Water,520,50,65,107,105,107,86,0.3,0.3
4,Rotom,Frost Rotom,Electric,Ice,520,50,65,107,105,107,86,0.3,0.3
4,Rotom,Fan Rotom,Electric,Flying,520,50,65,107,105,107,86,0.3,0.3
4,Rotom,Mow Rotom,Electric,Grass,520,50,65,107,105,107,86,0.3,0.3
4,Uxie, ,Psychic, ,580,75,75,130,75,130,95,0.3,0.3
4,Mesprit, ,Psychic, ,580,80,105,105,105,105,80,0.3,0.3
4,Azelf, ,Psychic, ,580,75,125,70,125,70,115,0.3,0.3
4,Dialga, ,Steel,Dragon,680,100,120,120,150,100,90,5.4,683
4,Palkia, ,Water,Dragon,680,90,120,100,150,120,100,4.2,336
4,Heatran, ,Fire,Steel,600,91,90,106,130,106,77,1.7,430
4,Regigigas, ,Normal, ,670,110,160,110,80,110,100,3.7,420
4,Giratina,Altered Forme,Ghost,Dragon,680,150,100,120,100,120,90,4.5,750
4,Giratina,Origin Forme,Ghost,Dragon,680,150,120,100,120,100,90,6.9,650
4,Cresselia, ,Psychic, ,580,120,70,110,75,120,85,1.5,85.6
4,Phione, ,Water, ,480,80,80,80,80,80,80,0.4,3.1
4,Manaphy, ,Water, ,600,100,100,100,100,100,100,0.3,1.4
4,Darkrai, ,Dark, ,600,70,90,90,135,90,125,1.5,50.5
4,Shaymin,Land Forme,Grass, ,600,100,100,100,100,100,100,0.2,2.1
4,Shaymin,Sky Forme,Grass,Flying,600,100,103,75,120,75,127,0.4,5.2
4,Arceus, ,Normal, ,720,120,120,120,120,120,120,3.2,320
5,Victini, ,Psychic,Fire,600,100,100,100,100,100,100,0.4,4
5,Snivy, ,Grass, ,308,45,45,55,45,55,63,0.6,8.1
5,Servine, ,Grass, ,413,60,60,75,60,75,83,0.8,16
5,Serperior, ,Grass, ,528,75,75,95,75,95,113,3.3,63
5,Tepig, ,Fire, ,308,65,63,45,45,45,45,0.5,9.9
5,Pignite, ,Fire,Fighting,418,90,93,55,70,55,55,1,55.5
5,Emboar, ,Fire,Fighting,528,110,123,65,100,65,65,1.6,150
5,Oshawott, ,Water, ,308,55,55,45,63,45,45,0.5,5.9
5,Dewott, ,Water, ,413,75,75,60,83,60,60,0.8,24.5
5,Samurott, ,Water, ,528,95,100,85,108,70,70,1.5,94.6
5,Patrat, ,Normal, ,255,45,55,39,35,39,42,0.5,11.6
5,Watchog, ,Normal, ,420,60,85,69,60,69,77,1.1,27
5,Lillipup, ,Normal, ,275,45,60,45,25,45,55,0.4,4.1
5,Herdier, ,Normal, ,370,65,80,65,35,65,60,0.9,14.7
5,Stoutland, ,Normal, ,500,85,110,90,45,90,80,1.2,61
5,Purrloin, ,Dark, ,281,41,50,37,50,37,66,0.4,10.1
5,Liepard, ,Dark, ,446,64,88,50,88,50,106,1.1,37.5
5,Pansage, ,Grass, ,316,50,53,48,53,48,64,0.6,10.5
5,Simisage, ,Grass, ,498,75,98,63,98,63,101,1.1,30.5
5,Pansear, ,Fire, ,316,50,53,48,53,48,64,0.6,11
5,Simisear, ,Fire, ,498,75,98,63,98,63,101,1,28
5,Panpour, ,Water, ,316,50,53,48,53,48,64,0.6,13.5
5,Simipour, ,Water, ,498,75,98,63,98,63,101,1,29
5,Munna, ,Psychic, ,292,76,25,45,67,55,24,0.6,23.3
5,Musharna, ,Psychic, ,487,116,55,85,107,95,29,1.1,60.5
5,Pidove, ,Normal,Flying,264,50,55,50,36,30,43,0.3,2.1
5,Tranquill, ,Normal,Flying,358,62,77,62,50,42,65,0.6,15
5,Unfezant, ,Normal,Flying,488,80,115,80,65,55,93,1.2,29
5,Blitzle, ,Electric, ,295,45,60,32,50,32,76,0.8,29.8
5,Zebstrika, ,Electric, ,497,75,100,63,80,63,116,1.6,79.5
5,Roggenrola, ,Rock, ,280,55,75,85,25,25,15,0.4,18
5,Boldore, ,Rock, ,390,70,105,105,50,40,20,0.9,102
5,Gigalith, ,Rock, ,515,85,135,130,60,80,25,1.7,260
5,Woobat, ,Psychic,Flying,323,65,45,43,55,43,72,0.4,2.1
5,Swoobat, ,Psychic,Flying,425,67,57,55,77,55,114,0.9,10.5
5,Drilbur, ,Ground, ,328,60,85,40,30,45,68,0.3,8.5
5,Excadrill, ,Ground,Steel,508,110,135,60,50,65,88,0.7,40.4
5,Audino, ,Normal, ,445,103,60,86,60,86,50,1.1,31
5,Timburr, ,Fighting, ,305,75,80,55,25,35,35,0.6,12.5
5,Gurdurr, ,Fighting, ,405,85,105,85,40,50,40,1.2,40
5,Conkeldurr, ,Fighting, ,505,105,140,95,55,65,45,1.4,87
5,Tympole, ,Water, ,294,50,50,40,50,40,64,0.5,4.5
5,Palpitoad, ,Water,Ground,384,75,65,55,65,55,69,0.8,17
5,Seismitoad, ,Water,Ground,509,105,95,75,85,75,74,1.5,62
5,Throh, ,Fighting, ,465,120,100,85,30,85,45,1.3,55.5
5,Sawk, ,Fighting, ,465,75,125,75,30,75,85,1.4,51
5,Sewaddle, ,Bug,Grass,310,45,53,70,40,60,42,0.3,2.5
5,Swadloon, ,Bug,Grass,380,55,63,90,50,80,42,0.5,7.3
5,Leavanny, ,Bug,Grass,500,75,103,80,70,80,92,1.2,20.5
5,Venipede, ,Bug,Poison,260,30,45,59,30,39,57,0.4,5.3
5,Whirlipede, ,Bug,Poison,360,40,55,99,40,79,47,1.2,58.5
5,Scolipede, ,Bug,Poison,485,60,100,89,55,69,112,2.5,200.5
5,Cottonee, ,Grass,Fairy,280,40,27,60,37,50,66,0.3,0.6
5,Whimsicott, ,Grass,Fairy,480,60,67,85,77,75,116,0.7,6.6
5,Petilil, ,Grass, ,280,45,35,50,70,50,30,0.5,6.6
5,Lilligant, ,Grass, ,480,70,60,75,110,75,90,1.1,16.3
5,Basculin,Red-Striped Form,Water, ,460,70,92,65,80,55,98,1,18
5,Basculin,Blue-Striped Form,Water, ,460,70,92,65,80,55,98,1,18
5,Sandile, ,Ground,Dark,292,50,72,35,35,35,65,0.7,15.2
5,Krokorok, ,Ground,Dark,351,60,82,45,45,45,74,1,33.4
5,Krookodile, ,Ground,Dark,519,95,117,80,65,70,92,1.5,96.3
5,Darumaka, ,Fire, ,315,70,90,45,15,45,50,0.6,37.5
5,Darmanitan,Standard Mode,Fire, ,480,105,140,55,30,55,95,1.3,92.9
5,Darmanitan,Zen Mode,Fire,Psychic,540,105,30,105,140,105,55,1.3,92.9
5,Maractus, ,Grass, ,461,75,86,67,106,67,60,1,28
5,Dwebble, ,Bug,Rock,325,50,65,85,35,35,55,0.3,14.5
5,Crustle, ,Bug,Rock,485,70,105,125,65,75,45,1.4,200
5,Scraggy, ,Dark,Fighting,348,50,75,70,35,70,48,0.6,11.8
5,Scrafty, ,Dark,Fighting,488,65,90,115,45,115,58,1.1,30
5,Sigilyph, ,Psychic,Flying,490,72,58,80,103,80,97,1.4,14
5,Yamask, ,Ghost, ,303,38,30,85,55,65,30,0.5,1.5
5,Cofagrigus, ,Ghost, ,483,58,50,145,95,105,30,1.7,76.5
5,Tirtouga, ,Water,Rock,355,54,78,103,53,45,22,0.7,16.5
5,Carracosta, ,Water,Rock,495,74,108,133,83,65,32,1.2,81
5,Archen, ,Rock,Flying,401,55,112,45,74,45,70,0.5,9.5
5,Archeops, ,Rock,Flying,567,75,140,65,112,65,110,1.4,32
5,Trubbish, ,Poison, ,329,50,50,62,40,62,65,0.6,31
5,Garbodor, ,Poison, ,474,80,95,82,60,82,75,1.9,107.3
5,Zorua, ,Dark, ,330,40,65,40,80,40,65,0.7,12.5
5,Zoroark, ,Dark, ,510,60,105,60,120,60,105,1.6,81.1
5,Minccino, ,Normal, ,300,55,50,40,40,40,75,0.4,5.8
5,Cinccino, ,Normal, ,470,75,95,60,65,60,115,0.5,7.5
5,Gothita, ,Psychic, ,290,45,30,50,55,65,45,0.4,5.8
5,Gothorita, ,Psychic, ,390,60,45,70,75,85,55,0.7,18
5,Gothitelle, ,Psychic, ,490,70,55,95,95,110,65,1.5,44
5,Solosis, ,Psychic, ,290,45,30,40,105,50,20,0.3,1
5,Duosion, ,Psychic, ,370,65,40,50,125,60,30,0.6,8
5,Reuniclus, ,Psychic, ,490,110,65,75,125,85,30,1,20.1
5,Ducklett, ,Water,Flying,305,62,44,50,44,50,55,0.5,5.5
5,Swanna, ,Water,Flying,473,75,87,63,87,63,98,1.3,24.2
5,Vanillite, ,Ice, ,305,36,50,50,65,60,44,0.4,5.7
5,Vanillish, ,Ice, ,395,51,65,65,80,75,59,1.1,41
5,Vanilluxe, ,Ice, ,535,71,95,85,110,95,79,1.3,57.5
5,Deerling, ,Normal,Grass,335,60,60,50,40,50,75,0.6,19.5
5,Sawsbuck, ,Normal,Grass,475,80,100,70,60,70,95,1.9,92.5
5,Emolga, ,Electric,Flying,428,55,75,60,75,60,103,0.4,5
5,Karrablast, ,Bug, ,315,50,75,45,40,45,60,0.5,5.9
5,Escavalier, ,Bug,Steel,495,70,135,105,60,105,20,1,33
5,Foongus, ,Grass,Poison,294,69,55,45,55,55,15,0.2,1
5,Amoonguss, ,Grass,Poison,464,114,85,70,85,80,30,0.6,10.5
5,Frillish, ,Water,Ghost,335,55,40,50,65,85,40,1.2,33
5,Jellicent, ,Water,Ghost,480,100,60,70,85,105,60,2.2,135
5,Alomomola, ,Water, ,470,165,75,80,40,45,65,1.2,31.6
5,Joltik, ,Bug,Electric,319,50,47,50,57,50,65,0.1,0.6
5,Galvantula, ,Bug,Electric,472,70,77,60,97,60,108,0.8,14.3
5,Ferroseed, ,Grass,Steel,305,44,50,91,24,86,10,0.6,18.8
5,Ferrothorn, ,Grass,Steel,489,74,94,131,54,116,20,1,110
5,Klink, ,Steel, ,300,40,55,70,45,60,30,0.3,21
5,Klang, ,Steel, ,440,60,80,95,70,85,50,0.6,51
5,Klinklang, ,Steel, ,520,60,100,115,70,85,90,0.6,81
5,Tynamo, ,Electric, ,275,35,55,40,45,40,60,0.2,0.3
5,Eelektrik, ,Electric, ,405,65,85,70,75,70,40,1.2,22
5,Eelektross, ,Electric, ,515,85,115,80,105,80,50,2.1,80.5
5,Elgyem, ,Psychic, ,335,55,55,55,85,55,30,0.5,9
5,Beheeyem, ,Psychic, ,485,75,75,75,125,95,40,1,34.5
5,Litwick, ,Ghost,Fire,275,50,30,55,65,55,20,0.3,3.1
5,Lampent, ,Ghost,Fire,370,60,40,60,95,60,55,0.6,13
5,Chandelure, ,Ghost,Fire,520,60,55,90,145,90,80,1,34.3
5,Axew, ,Dragon, ,320,46,87,60,30,40,57,0.6,18
5,Fraxure, ,Dragon, ,410,66,117,70,40,50,67,1,36
5,Haxorus, ,Dragon, ,540,76,147,90,60,70,97,1.8,105.5
5,Cubchoo, ,Ice, ,305,55,70,40,60,40,40,0.5,8.5
5,Beartic, ,Ice, ,505,95,130,80,70,80,50,2.6,260
5,Cryogonal, ,Ice, ,515,80,50,50,95,135,105,1.1,148
5,Shelmet, ,Bug, ,305,50,40,85,40,65,25,0.4,7.7
5,Accelgor, ,Bug, ,495,80,70,40,100,60,145,0.8,25.3
5,Stunfisk, ,Ground,Electric,471,109,66,84,81,99,32,0.7,11
5,Mienfoo, ,Fighting, ,350,45,85,50,55,50,65,0.9,20
5,Mienshao, ,Fighting, ,510,65,125,60,95,60,105,1.4,35.5
5,Druddigon, ,Dragon, ,485,77,120,90,60,90,48,1.6,139
5,Golett, ,Ground,Ghost,303,59,74,50,35,50,35,1,92
5,Golurk, ,Ground,Ghost,483,89,124,80,55,80,55,2.8,330
5,Pawniard, ,Dark,Steel,340,45,85,70,40,40,60,0.5,10.2
5,Bisharp, ,Dark,Steel,490,65,125,100,60,70,70,1.6,70
5,Bouffalant, ,Normal, ,490,95,110,95,40,95,55,1.6,94.6
5,Rufflet, ,Normal,Flying,350,70,83,50,37,50,60,0.5,10.5
5,Braviary, ,Normal,Flying,510,100,123,75,57,75,80,1.5,41
5,Vullaby, ,Dark,Flying,370,70,55,75,45,65,60,0.5,9
5,Mandibuzz, ,Dark,Flying,510,110,65,105,55,95,80,1.2,39.5
5,Heatmor, ,Fire, ,484,85,97,66,105,66,65,1.4,58
5,Durant, ,Bug,Steel,484,58,109,112,48,48,109,0.3,33
5,Deino, ,Dark,Dragon,300,52,65,50,45,50,38,0.8,17.3
5,Zweilous, ,Dark,Dragon,420,72,85,70,65,70,58,1.4,50
5,Hydreigon, ,Dark,Dragon,600,92,105,90,125,90,98,1.8,160
5,Larvesta, ,Bug,Fire,360,55,85,55,50,55,60,1.1,28.8
5,Volcarona, ,Bug,Fire,550,85,60,65,135,105,100,1.6,46
5,Cobalion, ,Steel,Fighting,580,91,90,129,90,72,108,2.1,250
5,Terrakion, ,Rock,Fighting,580,91,129,90,72,90,108,1.9,260
5,Virizion, ,Grass,Fighting,580,91,90,72,90,129,108,2,200
5,Tornadus,Incarnate Forme,Flying, ,580,79,115,70,125,80,111,1.5,63
5,Tornadus,Therian Forme,Flying, ,580,79,100,80,110,90,121,1.4,63
5,Thundurus,Incarnate Forme,Electric,Flying,580,79,115,70,125,80,111,1.5,61
5,Thundurus,Therian Forme,Electric,Flying,580,79,105,70,145,80,101,3,61
5,Reshiram, ,Dragon,Fire,680,100,120,100,150,120,90,3.2,330
5,Zekrom, ,Dragon,Electric,680,100,150,120,120,100,90,2.9,345
5,Landorus,Incarnate Forme,Ground,Flying,600,89,125,90,115,80,101,1.5,68
5,Landorus,Therian Forme,Ground,Flying,600,89,145,90,105,80,91,1.3,68
5,Kyurem, ,Dragon,Ice,660,125,130,90,130,90,95,3,325
5,Kyurem,White Kyurem,Dragon,Ice,700,125,120,90,170,100,95,3.6,325
5,Kyurem,Black Kyurem,Dragon,Ice,700,125,170,100,120,90,95,3.3,325
5,Keldeo,Ordinary Form,Water,Fighting,580,91,72,90,129,90,108,1.4,48.5
5,Keldeo,Resolute Form,Water,Fighting,580,91,72,90,129,90,108,1.4,48.5
5,Meloetta,Aria Forme,Normal,Psychic,600,100,77,77,128,128,90,0.6,6.5
5,Meloetta,Pirouette Forme,Normal,Fighting,600,100,128,90,77,77,128,0.6,6.5
5,Genesect, ,Bug,Steel,600,71,120,95,120,95,99,1.5,82.5
6,Venusaur,Mega Venusaur,Grass,Poison,625,80,100,123,122,120,80,2.4,155.5
6,Charizard,Mega Charizard X,Fire,Dragon,634,78,130,111,130,85,100,1.7,110.5
6,Charizard,Mega Charizard Y,Fire,Flying,634,78,104,78,159,115,100,1.7,100.5
6,Blastoise,Mega Blastoise,Water, ,630,79,103,120,135,115,78,1.6,101.1
6,Beedrill,Mega Beedrill,Bug,Poison,495,65,150,40,15,80,145,1.4,40.5
6,Pidgeot,Mega Pidgeot,Normal,Flying,579,83,80,80,135,80,121,2.2,50.5
6,Alakazam,Mega Alakazam,Psychic, ,600,55,50,65,175,105,150,1.2,48
6,Slowbro,Mega Slowbro,Water,Psychic,590,95,75,180,130,80,30,2,120
6,Gengar,Mega Gengar,Ghost,Poison,600,60,65,80,170,95,130,1.4,40.5
6,Kangaskhan,Mega Kangaskhan,Normal, ,590,105,125,100,60,100,100,2.2,100
6,Pinsir,Mega Pinsir,Bug,Flying,600,65,155,120,65,90,105,1.7,59
6,Gyarados,Mega Gyarados,Water,Dark,640,95,155,109,70,130,81,6.5,305
6,Aerodactyl,Mega Aerodactyl,Rock,Flying,615,80,135,85,70,95,150,2.1,79
6,Mewtwo,Mega Mewtwo X,Psychic,Fighting,780,106,190,100,154,100,130,2.3,127
6,Mewtwo,Mega Mewtwo Y,Psychic, ,780,106,150,70,194,120,140,1.5,33
6,Ampharos,Mega Ampharos,Electric,Dragon,610,90,95,105,165,110,45,1.4,61.5
6,Steelix,Mega Steelix,Steel,Ground,610,75,125,230,55,95,30,10.5,740
6,Scizor,Mega Scizor,Bug,Steel,600,70,150,140,65,100,75,2,125
6,Heracross,Mega Heracross,Bug,Fighting,600,80,185,115,40,105,75,1.7,62.5
6,Houndoom,Mega Houndoom,Dark,Fire,600,75,90,90,140,90,115,1.9,49.5
6,Tyranitar,Mega Tyranitar,Rock,Dark,700,100,164,150,95,120,71,2.5,255
6,Sceptile,Mega Sceptile,Grass,Dragon,630,70,110,75,145,85,145,1.9,55.2
6,Blaziken,Mega Blaziken,Fire,Fighting,630,80,160,80,130,80,100,1.9,52
6,Swampert,Mega Swampert,Water,Ground,635,100,150,110,95,110,70,1.9,102
6,Gardevoir,Mega Gardevoir,Psychic,Fairy,618,68,85,65,165,135,100,1.6,48.4
6,Sableye,Mega Sableye,Dark,Ghost,480,50,85,125,85,115,20,0.5,161
6,Mawile,Mega Mawile,Steel,Fairy,480,50,105,125,55,95,50,1,23.5
6,Aggron,Mega Aggron,Steel, ,630,70,140,230,60,80,50,2.2,395
6,Medicham,Mega Medicham,Fighting,Psychic,510,60,100,85,80,85,100,1.3,31.5
6,Manectric,Mega Manectric,Electric, ,575,70,75,80,135,80,135,1.8,44
6,Sharpedo,Mega Sharpedo,Water,Dark,560,70,140,70,110,65,105,2.5,130.3
6,Camerupt,Mega Camerupt,Fire,Ground,560,70,120,100,145,105,20,2.5,320.5
6,Altaria,Mega Altaria,Dragon,Fairy,590,75,110,110,110,105,80,1.5,20.6
6,Banette,Mega Banette,Ghost, ,555,64,165,75,93,83,75,1.2,13
6,Absol,Mega Absol,Dark, ,565,65,150,60,115,60,115,1.2,49
6,Glalie,Mega Glalie,Ice, ,580,80,120,80,120,80,100,2.1,350.2
6,Salamence,Mega Salamence,Dragon,Flying,700,95,145,130,120,90,120,1.8,112.6
6,Metagross,Mega Metagross,Steel,Psychic,700,80,145,150,105,110,110,2.5,942.9
6,Latias,Mega Latias,Dragon,Psychic,700,80,100,120,140,150,110,1.8,52
6,Latios,Mega Latios,Dragon,Psychic,700,80,130,100,160,120,110,2.3,70
6,Kyogre,Primal Kyogre,Water, ,770,100,150,90,180,160,90,9.8,430
6,Groudon,Primal Groudon,Ground,Fire,770,100,180,160,150,90,90,5,999.7
6,Rayquaza,Mega Rayquaza,Dragon,Flying,780,105,180,100,180,100,115,10.8,392
6,Lopunny,Mega Lopunny,Normal,Fighting,580,65,136,94,54,96,135,1.3,28.3
6,Garchomp,Mega Garchomp,Dragon,Ground,700,108,170,115,120,95,92,1.9,95
6,Lucario,Mega Lucario,Fighting,Steel,625,70,145,88,140,70,112,1.3,57.5
6,Abomasnow,Mega Abomasnow,Grass,Ice,594,90,132,105,132,105,30,2.7,185
6,Gallade,Mega Gallade,Psychic,Fighting,618,68,165,95,65,115,110,1.6,56.4
6,Audino,Mega Audino,Normal,Fairy,545,103,60,126,80,126,50,1.1,32
6,Chespin, ,Grass, ,313,56,61,65,48,45,38,0.4,9
6,Quilladin, ,Grass, ,405,61,78,95,56,58,57,0.7,29
6,Chesnaught, ,Grass,Fighting,530,88,107,122,74,75,64,1.6,90
6,Fennekin, ,Fire, ,307,40,45,40,62,60,60,0.4,9.4
6,Braixen, ,Fire, ,409,59,59,58,90,70,73,1,14.5
6,Delphox, ,Fire,Psychic,534,75,69,72,114,100,104,1.5,39
6,Froakie, ,Water, ,314,41,56,40,62,44,71,0.3,7
6,Frogadier, ,Water, ,405,54,63,52,83,56,97,0.6,10.9
6,Greninja, ,Water,Dark,530,72,95,67,103,71,122,1.5,40
6,Bunnelby, ,Normal, ,237,38,36,38,32,36,57,0.4,5
6,Diggersby, ,Normal,Ground,423,85,56,77,50,77,78,1,42.4
6,Fletchling, ,Normal,Flying,278,45,50,43,40,38,62,0.3,1.7
6,Fletchinder, ,Fire,Flying,382,62,73,55,56,52,84,0.7,16
6,Talonflame, ,Fire,Flying,499,78,81,71,74,69,126,1.2,24.5
6,Scatterbug, ,Bug, ,200,38,35,40,27,25,35,0.3,2.5
6,Spewpa, ,Bug, ,213,45,22,60,27,30,29,0.3,8.4
6,Vivillon, ,Bug,Flying,411,80,52,50,90,50,89,1.2,17
6,Litleo, ,Fire,Normal,369,62,50,58,73,54,72,0.6,13.5
6,Pyroar, ,Fire,Normal,507,86,68,72,109,66,106,1.5,81.5
6,Flabébé, ,Fairy, ,303,44,38,39,61,79,42,0.1,0.1
6,Floette, ,Fairy, ,371,54,45,47,75,98,52,0.2,0.9
6,Florges, ,Fairy, ,552,78,65,68,112,154,75,1.1,10
6,Skiddo, ,Grass, ,350,66,65,48,62,57,52,0.9,31
6,Gogoat, ,Grass, ,531,123,100,62,97,81,68,1.7,91
6,Pancham, ,Fighting, ,348,67,82,62,46,48,43,0.6,8
6,Pangoro, ,Fighting,Dark,495,95,124,78,69,71,58,2.1,136
6,Furfrou, ,Normal, ,472,75,80,60,65,90,102,1.2,28
6,Espurr, ,Psychic, ,355,62,48,54,63,60,68,0.3,3.5
6,Meowstic,Male,Psychic, ,466,74,48,76,83,81,104,0.6,8.5
6,Meowstic,Female,Psychic, ,466,74,48,76,83,81,104,0.6,8.5
6,Honedge, ,Steel,Ghost,325,45,80,100,35,37,28,0.8,2
6,Doublade, ,Steel,Ghost,448,59,110,150,45,49,35,0.8,4.5
6,Aegislash,Shield Forme,Steel,Ghost,500,60,50,140,50,140,60,1.7,53
6,Aegislash,Blade Forme,Steel,Ghost,500,60,140,50,140,50,60,1.7,53
6,Spritzee, ,Fairy, ,341,78,52,60,63,65,23,0.2,0.5
6,Aromatisse, ,Fairy, ,462,101,72,72,99,89,29,0.8,15.5
6,Swirlix, ,Fairy, ,341,62,48,66,59,57,49,0.4,3.5
6,Slurpuff, ,Fairy, ,480,82,80,86,85,75,72,0.8,5
6,Inkay, ,Dark,Psychic,288,53,54,53,37,46,45,0.4,3.5
6,Malamar, ,Dark,Psychic,482,86,92,88,68,75,73,1.5,47
6,Binacle, ,Rock,Water,306,42,52,67,39,56,50,0.5,31
6,Barbaracle, ,Rock,Water,500,72,105,115,54,86,68,1.3,96
6,Skrelp, ,Poison,Water,320,50,60,60,60,60,30,0.5,7.3
6,Dragalge, ,Poison,Dragon,494,65,75,90,97,123,44,1.8,81.5
6,Clauncher, ,Water, ,330,50,53,62,58,63,44,0.5,8.3
6,Clawitzer, ,Water, ,500,71,73,88,120,89,59,1.3,35.3
6,Helioptile, ,Electric,Normal,289,44,38,33,61,43,70,0.5,6
6,Heliolisk, ,Electric,Normal,481,62,55,52,109,94,109,1,21
6,Tyrunt, ,Rock,Dragon,362,58,89,77,45,45,48,0.8,26
6,Tyrantrum, ,Rock,Dragon,521,82,121,119,69,59,71,2.5,270
6,Amaura, ,Rock,Ice,362,77,59,50,67,63,46,1.3,25.2
6,Aurorus, ,Rock,Ice,521,123,77,72,99,92,58,2.7,225
6,Sylveon, ,Fairy, ,525,95,65,65,110,130,60,1,23.5
6,Hawlucha, ,Fighting,Flying,500,78,92,75,74,63,118,0.8,21.5
6,Dedenne, ,Electric,Fairy,431,67,58,57,81,67,101,0.2,2.2
6,Carbink, ,Rock,Fairy,500,50,50,150,50,150,50,0.3,5.7
6,Goomy, ,Dragon, ,300,45,50,35,55,75,40,0.3,2.8
6,Sliggoo, ,Dragon, ,452,68,75,53,83,113,60,0.8,17.5
6,Goodra, ,Dragon, ,600,90,100,70,110,150,80,2,150.5
6,Klefki, ,Steel,Fairy,470,57,80,91,80,87,75,0.2,3
6,Phantump, ,Ghost,Grass,309,43,70,48,50,60,38,0.4,7
6,Trevenant, ,Ghost,Grass,474,85,110,76,65,82,56,1.5,71
6,Pumpkaboo,Average Size,Ghost,Grass,335,49,66,70,44,55,51,0.4,5
6,Gourgeist,Average Size,Ghost,Grass,494,65,90,122,58,75,84,0.9,12.5
6,Bergmite, ,Ice, ,304,55,69,85,32,35,28,1,99.5
6,Avalugg, ,Ice, ,514,95,117,184,44,46,28,2,505
6,Noibat, ,Flying,Dragon,245,40,30,35,45,40,55,0.5,8
6,Noivern, ,Flying,Dragon,535,85,70,80,97,80,123,1.5,85
6,Xerneas, ,Fairy, ,680,126,131,95,131,98,99,3,215
6,Yveltal, ,Dark,Flying,680,126,131,95,131,98,99,5.8,203
6,Zygarde50% Forme, ,Dragon,Ground,600,108,100,121,81,95,95,5,305
6,Diancie, ,Rock,Fairy,600,50,100,150,100,150,50,0.7,8.8
6,Diancie,Mega Diancie,Rock,Fairy,700,50,160,110,160,110,110,1.1,27.8
6,Hoopa,Hoopa Confined,Psychic,Ghost,600,80,110,60,150,130,70,0.5,9
6,Hoopa,Hoopa Unbound,Psychic,Dark,680,80,160,60,170,130,80,6.5,490
6,Volcanion, ,Fire,Water,600,80,110,120,130,90,70,1.7,195
7,Rattata,Alolan Rattata,Dark,Normal,253,30,56,35,25,35,72,0.3,3.8
7,Raticate,Alolan Raticate,Dark,Normal,413,75,71,70,40,80,77,0.7,25.5
7,Raichu,Alolan Raichu,Electric,Psychic,485,60,85,50,95,85,110,0.7,21
7,Sandshrew,Alolan Sandshrew,Ice,Steel,300,50,75,90,10,35,40,0.7,40
7,Sandslash,Alolan Sandslash,Ice,Steel,450,75,100,120,25,65,65,1.2,55
7,Vulpix,Alolan Vulpix,Ice, ,299,38,41,40,50,65,65,0.6,9.9
7,Ninetales,Alolan Ninetales,Ice,Fairy,505,73,67,75,81,100,109,1.1,19.9
7,Diglett,Alolan Diglett,Ground,Steel,265,10,55,30,35,45,90,0.2,1
7,Dugtrio,Alolan Dugtrio,Ground,Steel,425,35,100,60,50,70,110,0.7,66.6
7,Meowth,Alolan Meowth,Dark, ,290,40,35,35,50,40,90,0.4,4.2
7,Persian,Alolan Persian,Dark, ,440,65,60,60,75,65,115,1.1,33
7,Geodude,Alolan Geodude,Rock,Electric,300,40,80,100,30,30,20,0.4,20.3
7,Graveler,Alolan Graveler,Rock,Electric,390,55,95,115,45,45,35,1,110
7,Golem,Alolan Golem,Rock,Electric,495,80,120,130,55,65,45,1.7,316
7,Grimer,Alolan Grimer,Poison,Dark,325,80,80,50,40,50,25,0.7,42
7,Muk,Alolan Muk,Poison,Dark,500,105,105,75,65,100,50,1,52
7,Exeggutor,Alolan Exeggutor,Grass,Dragon,530,95,105,85,125,75,45,10.9,415.6
7,Marowak,Alolan Marowak,Fire,Ghost,425,60,80,110,50,80,45,1,34
7,Greninja,Ash-Greninja,Water,Dark,640,72,145,67,153,71,132,1.5,40
7,Zygarde10% Forme, ,Dragon,Ground,486,54,100,71,61,85,115,1.2,33.5
7,Zygarde,Complete Forme,Dragon,Ground,708,216,100,121,91,95,85,4.5,610
7,Rowlet, ,Grass,Flying,320,68,55,55,50,50,42,0.3,1.5
7,Dartrix, ,Grass,Flying,420,78,75,75,70,70,52,0.7,16
7,Decidueye, ,Grass,Ghost,530,78,107,75,100,100,70,1.6,36.6
7,Litten, ,Fire, ,320,45,65,40,60,40,70,0.4,4.3
7,Torracat, ,Fire, ,420,65,85,50,80,50,90,0.7,25
7,Incineroar, ,Fire,Dark,530,95,115,90,80,90,60,1.8,83
7,Popplio, ,Water, ,320,50,54,54,66,56,40,0.4,7.5
7,Brionne, ,Water, ,420,60,69,69,91,81,50,0.6,17.5
7,Primarina, ,Water,Fairy,530,80,74,74,126,116,60,1.8,44
7,Pikipek, ,Normal,Flying,265,35,75,30,30,30,65,0.3,1.2
7,Trumbeak, ,Normal,Flying,355,55,85,50,40,50,75,0.6,14.8
7,Toucannon, ,Normal,Flying,485,80,120,75,75,75,60,1.1,26
7,Yungoos, ,Normal, ,253,48,70,30,30,30,45,0.4,6
7,Gumshoos, ,Normal, ,418,88,110,60,55,60,45,0.7,14.2
7,Grubbin, ,Bug, ,300,47,62,45,55,45,46,0.4,4.4
7,Charjabug, ,Bug,Electric,400,57,82,95,55,75,36,0.5,10.5
7,Vikavolt, ,Bug,Electric,500,77,70,90,145,75,43,1.5,45
7,Crabrawler, ,Fighting, ,338,47,82,57,42,47,63,0.6,7
7,Crabominable, ,Fighting,Ice,478,97,132,77,62,67,43,1.7,180
7,Oricorio,Baile Style,Fire,Flying,476,75,70,70,98,70,93,0.6,3.4
7,Oricorio,Pom-Pom Style,Electric,Flying,476,75,70,70,98,70,93,0.6,3.4
7,Oricorio,Pa'u Style,Psychic,Flying,476,75,70,70,98,70,93,0.6,3.4
7,Oricorio,Sensu Style,Ghost,Flying,476,75,70,70,98,70,93,0.6,3.4
7,Cutiefly, ,Bug,Fairy,304,40,45,40,55,40,84,0.1,0.2
7,Ribombee, ,Bug,Fairy,464,60,55,60,95,70,124,0.2,0.5
7,Rockruff, ,Rock, ,280,45,65,40,30,40,60,0.5,9.2
7,Rockruff,Own Tempo Rockruff,Rock, ,280,45,65,40,30,40,60,0.5,9.2
7,Lycanroc,Midday Form,Rock, ,487,75,115,65,55,65,112,0.8,25
7,Lycanroc,Midnight Form,Rock, ,487,85,115,75,55,75,82,1.1,25
7,Lycanroc,Dusk Form,Rock, ,487,75,117,65,55,65,110,0.8,25
7,Wishiwashi,Solo Form,Water, ,175,45,20,20,25,25,40,0.2,0.3
7,Wishiwashi,School Form,Water, ,620,45,140,130,140,135,30,8.2,78.6
7,Mareanie, ,Poison,Water,305,50,53,62,43,52,45,0.4,8
7,Toxapex, ,Poison,Water,495,50,63,152,53,142,35,0.7,14.5
7,Mudbray, ,Ground, ,385,70,100,70,45,55,45,1,110
7,Mudsdale, ,Ground, ,500,100,125,100,55,85,35,2.5,920
7,Dewpider, ,Water,Bug,269,38,40,52,40,72,27,0.3,4
7,Araquanid, ,Water,Bug,454,68,70,92,50,132,42,1.8,82
7,Fomantis, ,Grass, ,250,40,55,35,50,35,35,0.3,1.5
7,Lurantis, ,Grass, ,480,70,105,90,80,90,45,0.9,18.5
7,Morelull, ,Grass,Fairy,285,40,35,55,65,75,15,0.2,1.5
7,Shiinotic, ,Grass,Fairy,405,60,45,80,90,100,30,1,11.5
7,Salandit, ,Poison,Fire,320,48,44,40,71,40,77,0.6,4.8
7,Salazzle, ,Poison,Fire,480,68,64,60,111,60,117,1.2,22.2
7,Stufful, ,Normal,Fighting,340,70,75,50,45,50,50,0.5,6.8
7,Bewear, ,Normal,Fighting,500,120,125,80,55,60,60,2.1,135
7,Bounsweet, ,Grass, ,210,42,30,38,30,38,32,0.3,3.2
7,Steenee, ,Grass, ,290,52,40,48,40,48,62,0.7,8.2
7,Tsareena, ,Grass, ,510,72,120,98,50,98,72,1.2,21.4
7,Comfey, ,Fairy, ,485,51,52,90,82,110,100,0.1,0.3
7,Oranguru, ,Normal,Psychic,490,90,60,80,90,110,60,1.5,76
7,Passimian, ,Fighting, ,490,100,120,90,40,60,80,2,82.8
7,Wimpod, ,Bug,Water,230,25,35,40,20,30,80,0.5,12
7,Golisopod, ,Bug,Water,530,75,125,140,60,90,40,2,108
7,Sandygast, ,Ghost,Ground,320,55,55,80,70,45,15,0.5,70
7,Palossand, ,Ghost,Ground,480,85,75,110,100,75,35,1.3,250
7,Pyukumuku, ,Water, ,410,55,60,130,30,130,5,0.3,1.2
7,Type: Null, ,Normal, ,534,95,95,95,95,95,59,1.9,120.5
7,Silvally, ,Normal, ,570,95,95,95,95,95,95,2.3,100.5
7,Minior,Meteor Form,Rock,Flying,440,60,60,100,60,100,60,0.3,40
7,Minior,Core Form,Rock,Flying,500,60,100,60,100,60,120,0.3,0.3
7,Komala, ,Normal, ,480,65,115,65,75,95,65,0.4,19.9
7,Turtonator, ,Fire,Dragon,485,60,78,135,91,85,36,2,212
7,Togedemaru, ,Electric,Steel,435,65,98,63,40,73,96,0.3,3.3
7,Mimikyu, ,Ghost,Fairy,476,55,90,80,50,105,96,0.2,0.7
7,Bruxish, ,Water,Psychic,475,68,105,70,70,70,92,0.9,19
7,Drampa, ,Normal,Dragon,485,78,60,85,135,91,36,3,185
7,Dhelmise, ,Ghost,Grass,517,70,131,100,86,90,40,3.9,210
7,Jangmo-o, ,Dragon, ,300,45,55,65,45,45,45,0.6,29.7
7,Hakamo-o, ,Dragon,Fighting,420,55,75,90,65,70,65,1.2,47
7,Kommo-o, ,Dragon,Fighting,600,75,110,125,100,105,85,1.6,78.2
7,Tapu Koko, ,Electric,Fairy,570,70,115,85,95,75,130,1.8,20.5
7,Tapu Lele, ,Psychic,Fairy,570,70,85,75,130,115,95,1.2,18.6
7,Tapu Bulu, ,Grass,Fairy,570,70,130,115,85,95,75,1.9,45.5
7,Tapu Fini, ,Water,Fairy,570,70,75,115,95,130,85,1.3,21.2
7,Cosmog, ,Psychic, ,200,43,29,31,29,31,37,0.2,0.1
7,Cosmoem, ,Psychic, ,400,43,29,131,29,131,37,0.1,999.9
7,Solgaleo, ,Psychic,Steel,680,137,137,107,113,89,97,3.4,230
7,Lunala, ,Psychic,Ghost,680,137,113,89,137,107,97,4,120
7,Nihilego, ,Rock,Poison,570,109,53,47,127,131,103,1.2,55.5
7,Buzzwole, ,Bug,Fighting,570,107,139,139,53,53,79,2.4,333.6
7,Pheromosa, ,Bug,Fighting,570,71,137,37,137,37,151,1.8,25
7,Xurkitree, ,Electric, ,570,83,89,71,173,71,83,3.8,100
7,Celesteela, ,Steel,Flying,570,97,101,103,107,101,61,9.2,999.9
7,Kartana, ,Grass,Steel,570,59,181,131,59,31,109,0.3,0.1
7,Guzzlord, ,Dark,Dragon,570,223,101,53,97,53,43,5.5,888
7,Necrozma, ,Psychic, ,600,97,107,101,127,89,79,2.4,230
7,Necrozma,Dusk Mane Necrozma,Psychic,Steel,680,97,157,127,113,109,77,3.8,460
7,Necrozma,Dawn Wings Necrozma,Psychic,Ghost,680,97,113,109,157,127,77,4.2,350
7,Necrozma,Ultra Necrozma,Psychic,Dragon,754,97,167,97,167,97,129,7.5,230
7,Magearna, ,Steel,Fairy,600,80,95,115,130,115,65,1,80.5
7,Marshadow, ,Fighting,Ghost,600,90,125,80,90,90,125,0.7,22.2
7,Poipole, ,Poison, ,420,67,73,67,73,67,73,0.6,1.8
7,Naganadel, ,Poison,Dragon,540,73,73,73,127,73,121,3.6,150
7,Stakataka, ,Rock,Steel,570,61,131,211,53,101,13,5.5,820
7,Blacephalon, ,Fire,Ghost,570,53,127,53,151,79,107,1.8,13
7,Zeraora, ,Electric, ,600,88,112,75,102,80,143,1.5,44.5
7,Meltan, ,Steel, ,300,46,65,65,55,35,34,0.2,8
7,Melmetal, ,Steel, ,600,135,143,143,80,65,34,2.5,800
8,Meowth,Galarian Meowth,Steel, ,290,50,65,55,40,40,40,0.4,7.5
8,Growlithe,Hisuian Growlithe,Fire,Rock,350,60,75,45,65,50,55,0.8,22.7
8,Arcanine,Hisuian Arcanine,Fire,Rock,555,95,115,80,95,80,90,2,168
8,Ponyta,Galarian Ponyta,Psychic, ,410,50,85,55,65,65,90,0.8,24
8,Rapidash,Galarian Rapidash,Psychic,Fairy,500,65,100,70,80,80,105,1.7,80
8,Slowpoke,Galarian Slowpoke,Psychic, ,315,90,65,65,40,40,15,1.2,36
8,Slowbro,Galarian Slowbro,Poison,Psychic,490,95,100,95,100,70,30,1.6,70.5
8,Farfetch'd,Galarian Farfetch'd,Fighting, ,377,52,95,55,58,62,55,0.8,42
8,Voltorb,Hisuian Voltorb,Electric,Grass,330,40,30,50,55,55,100,0.5,13
8,Electrode,Hisuian Electrode,Electric,Grass,490,60,50,70,80,80,150,1.2,71
8,Weezing,Galarian Weezing,Poison,Fairy,490,65,90,120,85,70,60,3,16
8,Mr. Mime,Galarian Mr. Mime,Ice,Psychic,460,50,65,65,90,90,100,1.4,56.8
8,Articuno,Galarian Articuno,Psychic,Flying,580,90,85,85,125,100,95,1.7,50.9
8,Zapdos,Galarian Zapdos,Fighting,Flying,580,90,125,90,85,90,100,1.6,58.2
8,Moltres,Galarian Moltres,Dark,Flying,580,90,85,90,100,125,90,2,66
8,Typhlosion,Hisuian Typhlosion,Fire,Ghost,534,73,84,78,119,85,95,1.6,69.8
8,Slowking,Galarian Slowking,Poison,Psychic,490,95,65,80,110,110,30,1.8,79.5
8,Qwilfish,Hisuian Qwilfish,Dark,Poison,440,65,95,85,55,55,85,0.5,3.9
8,Sneasel,Hisuian Sneasel,Fighting,Poison,430,55,95,55,35,75,115,0.9,27
8,Corsola,Galarian Corsola,Ghost, ,410,60,55,100,65,100,30,0.6,0.5
8,Zigzagoon,Galarian Zigzagoon,Dark,Normal,240,38,30,41,30,41,60,0.4,17.5
8,Linoone,Galarian Linoone,Dark,Normal,420,78,70,61,50,61,100,0.5,32.5
8,Dialga,Origin Forme,Steel,Dragon,680,100,100,120,150,120,90,7,850
8,Palkia,Origin Forme,Water,Dragon,680,90,100,100,150,120,120,6.3,660
8,Samurott,Hisuian Samurott,Water,Dark,528,90,108,80,100,65,85,1.5,58.2
8,Lilligant,Hisuian Lilligant,Grass,Fighting,480,70,105,75,50,75,105,1.2,19.2
8,Basculin,White-Striped Form,Water, ,460,70,92,65,80,55,98,1,18
8,Darumaka,Galarian Darumaka,Ice, ,315,70,90,45,15,45,50,0.7,40
8,Darmanitan,Galarian Standard Mode,Ice, ,480,105,140,55,30,55,95,1.7,120
8,Darmanitan,Galarian Zen Mode,Ice,Fire,540,105,160,55,30,55,135,1.7,120
8,Yamask,Galarian Yamask,Ground,Ghost,303,38,55,85,30,65,30,0.5,1.5
8,Zorua,Hisuian Zorua,Normal,Ghost,330,35,60,40,85,40,70,0.7,12.5
8,Zoroark,Hisuian Zoroark,Normal,Ghost,510,55,100,60,125,60,110,1.6,73
8,Stunfisk,Galarian Stunfisk,Ground,Steel,471,109,81,99,66,84,32,0.7,20.5
8,Braviary,Hisuian Braviary,Psychic,Flying,510,110,83,70,112,70,65,1.7,43.4
8,Sliggoo,Hisuian Sliggoo,Steel,Dragon,452,58,75,83,83,113,40,0.7,68.5
8,Goodra,Hisuian Goodra,Steel,Dragon,600,80,100,100,110,150,60,1.7,334.1
8,Avalugg,Hisuian Avalugg,Ice,Rock,514,95,127,184,34,36,38,1.4,262.4
8,Decidueye,Hisuian Decidueye,Grass,Fighting,530,88,112,80,95,95,60,1.6,37
8,Grookey, ,Grass, ,310,50,65,50,40,40,65,0.3,5
8,Thwackey, ,Grass, ,420,70,85,70,55,60,80,0.7,14
8,Rillaboom, ,Grass, ,530,100,125,90,60,70,85,2.1,90
8,Scorbunny, ,Fire, ,310,50,71,40,40,40,69,0.3,4.5
8,Raboot, ,Fire, ,420,65,86,60,55,60,94,0.6,9
8,Cinderace, ,Fire, ,530,80,116,75,65,75,119,1.4,33
8,Sobble, ,Water, ,310,50,40,40,70,40,70,0.3,4
8,Drizzile, ,Water, ,420,65,60,55,95,55,90,0.7,11.5
8,Inteleon, ,Water, ,530,70,85,65,125,65,120,1.9,45.2
8,Skwovet, ,Normal, ,275,70,55,55,35,35,25,0.3,2.5
8,Greedent, ,Normal, ,460,120,95,95,55,75,20,0.6,6
8,Rookidee, ,Flying, ,245,38,47,35,33,35,57,0.2,1.8
8,Corvisquire, ,Flying, ,365,68,67,55,43,55,77,0.8,16
8,Corviknight, ,Flying,Steel,495,98,87,105,53,85,67,2.2,75
8,Blipbug, ,Bug, ,180,25,20,20,25,45,45,0.4,8
8,Dottler, ,Bug,Psychic,335,50,35,80,50,90,30,0.4,19.5
8,Orbeetle, ,Bug,Psychic,505,60,45,110,80,120,90,0.4,40.8
8,Nickit, ,Dark, ,245,40,28,28,47,52,50,0.6,8.9
8,Thievul, ,Dark, ,455,70,58,58,87,92,90,1.2,19.9
8,Gossifleur, ,Grass, ,250,40,40,60,40,60,10,0.4,2.2
8,Eldegoss, ,Grass, ,460,60,50,90,80,120,60,0.5,2.5
8,Wooloo, ,Normal, ,270,42,40,55,40,45,48,0.6,6
8,Dubwool, ,Normal, ,490,72,80,100,60,90,88,1.3,43
8,Chewtle, ,Water, ,284,50,64,50,38,38,44,0.3,8.5
8,Drednaw, ,Water,Rock,485,90,115,90,48,68,74,1,115.5
8,Yamper, ,Electric, ,270,59,45,50,40,50,26,0.3,13.5
8,Boltund, ,Electric, ,490,69,90,60,90,60,121,1,34
8,Rolycoly, ,Rock, ,240,30,40,50,40,50,30,0.3,12
8,Carkol, ,Rock,Fire,410,80,60,90,60,70,50,1.1,78
8,Coalossal, ,Rock,Fire,510,110,80,120,80,90,30,2.8,310.5
8,Applin, ,Grass,Dragon,260,40,40,80,40,40,20,0.2,0.5
8,Flapple, ,Grass,Dragon,485,70,110,80,95,60,70,0.3,1
8,Appletun, ,Grass,Dragon,485,110,85,80,100,80,30,0.4,13
8,Silicobra, ,Ground, ,315,52,57,75,35,50,46,2.2,7.6
8,Sandaconda, ,Ground, ,510,72,107,125,65,70,71,3.8,65.5
8,Cramorant, ,Flying,Water,475,70,85,55,85,95,85,0.8,18
8,Arrokuda, ,Water, ,280,41,63,40,40,30,66,0.5,1
8,Barraskewda, ,Water, ,490,61,123,60,60,50,136,1.3,30
8,Toxel, ,Electric,Poison,242,40,38,35,54,35,40,0.4,11
8,Toxtricity,Amped Form,Electric,Poison,502,75,98,70,114,70,75,1.6,40
8,Toxtricity,Low Key Form,Electric,Poison,502,75,98,70,114,70,75,1.6,40
8,Sizzlipede, ,Fire,Bug,305,50,65,45,50,50,45,0.7,1
8,Centiskorch, ,Fire,Bug,525,100,115,65,90,90,65,3,120
8,Clobbopus, ,Fighting, ,310,50,68,60,50,50,32,0.6,4
8,Grapploct, ,Fighting, ,480,80,118,90,70,80,42,1.6,39
8,Sinistea, ,Ghost, ,308,40,45,45,74,54,50,0.1,0.2
8,Polteageist, ,Ghost, ,508,60,65,65,134,114,70,0.2,0.4
8,Hatenna, ,Psychic, ,265,42,30,45,56,53,39,0.4,3.4
8,Hattrem, ,Psychic, ,370,57,40,65,86,73,49,0.6,4.8
8,Hatterene, ,Psychic,Fairy,510,57,90,95,136,103,29,2.1,5.1
8,Impidimp, ,Dark,Fairy,265,45,45,30,55,40,50,0.4,5.5
8,Morgrem, ,Dark,Fairy,370,65,60,45,75,55,70,0.8,12.5
8,Grimmsnarl, ,Dark,Fairy,510,95,120,65,95,75,60,1.5,61
8,Obstagoon, ,Dark,Normal,520,93,90,101,60,81,95,1.6,46
8,Perrserker, ,Steel, ,440,70,110,100,50,60,50,0.8,28
8,Cursola, ,Ghost, ,510,60,95,50,145,130,30,1,0.4
8,Sirfetch'd, ,Fighting, ,507,62,135,95,68,82,65,0.8,117
8,Mr. Rime, ,Ice,Psychic,520,80,85,75,110,100,70,1.5,58.2
8,Runerigus, ,Ground,Ghost,483,58,95,145,50,105,30,1.6,66.6
8,Milcery, ,Fairy, ,270,45,40,40,50,61,34,0.2,0.3
8,Alcremie, ,Fairy, ,495,65,60,75,110,121,64,0.3,0.5
8,Falinks, ,Fighting, ,470,65,100,100,70,60,75,3,62
8,Pincurchin, ,Electric, ,435,48,101,95,91,85,15,0.3,1
8,Snom, ,Ice,Bug,185,30,25,35,45,30,20,0.3,3.8
8,Frosmoth, ,Ice,Bug,475,70,65,60,125,90,65,1.3,42
8,Stonjourner, ,Rock, ,470,100,125,135,20,20,70,2.5,520
8,Eiscue,Ice Face,Ice, ,470,75,80,110,65,90,50,1.4,89
8,Eiscue,Noice Face,Ice, ,470,75,80,70,65,50,130,1.4,89
8,Indeedee,Male,Psychic,Normal,475,60,65,55,105,95,95,0.9,28
8,Indeedee,Female,Psychic,Normal,475,70,55,65,95,105,85,0.9,28
8,Morpeko,Full Belly Mode,Electric,Dark,436,58,95,58,70,58,97,0.3,3
8,Morpeko,Hangry Mode,Electric,Dark,436,58,95,58,70,58,97,0.3,3
8,Cufant, ,Steel, ,330,72,80,49,40,49,40,1.2,100
8,Copperajah, ,Steel, ,500,122,130,69,80,69,30,3,650
8,Dracozolt, ,Electric,Dragon,505,90,100,90,80,70,75,1.8,190
8,Arctozolt, ,Electric,Ice,505,90,100,90,90,80,55,2.3,150
8,Dracovish, ,Water,Dragon,505,90,90,100,70,80,75,2.3,215
8,Arctovish, ,Water,Ice,505,90,90,100,80,90,55,2,175
8,Duraludon, ,Steel,Dragon,535,70,95,115,120,50,85,1.8,40
8,Dreepy, ,Dragon,Ghost,270,28,60,30,40,30,82,0.5,2
8,Drakloak, ,Dragon,Ghost,410,68,80,50,60,50,102,1.4,11
8,Dragapult, ,Dragon,Ghost,600,88,120,75,100,75,142,3,50
8,Zacian,Hero of Many Battles,Fairy, ,660,92,120,115,80,115,138,2.8,110
8,Zacian,Crowned Sword,Fairy,Steel,700,92,150,115,80,115,148,2.8,355
8,Zamazenta,Hero of Many Battles,Fighting, ,660,92,120,115,80,115,138,2.9,210
8,Zamazenta,Crowned Shield,Fighting,Steel,700,92,120,140,80,140,128,2.9,785
8,Eternatus, ,Poison,Dragon,690,140,85,95,145,95,130,20,950
8,Eternatus,Eternamax,Poison,Dragon,1125,255,115,250,125,250,130,20,950
8,Kubfu, ,Fighting, ,385,60,90,60,53,50,72,0.6,12
8,Urshifu,Single Strike Style,Fighting,Dark,550,100,130,100,63,60,97,1.9,105
8,Urshifu,Rapid Strike Style,Fighting,Water,550,100,130,100,63,60,97,1.9,105
8,Zarude, ,Dark,Grass,600,105,120,105,70,95,105,1.8,70
8,Regieleki, ,Electric, ,580,80,100,50,100,50,200,1.2,145
8,Regidrago, ,Dragon, ,580,200,100,50,100,50,80,2.1,200
8,Glastrier, ,Ice, ,580,100,145,130,65,110,30,2.2,800
8,Spectrier, ,Ghost, ,580,100,65,60,145,80,130,2,44.5
8,Calyrex, ,Psychic,Grass,500,100,80,80,80,80,80,1.1,7.7
8,Calyrex,Ice Rider,Psychic,Ice,680,100,165,150,85,130,50,2.4,809.1
8,Calyrex,Shadow Rider,Psychic,Ghost,680,100,85,80,165,100,150,2.4,53.6
8,Wyrdeer, ,Normal,Psychic,525,103,105,72,105,75,65,1.8,95.1
8,Kleavor, ,Bug,Rock,500,70,135,95,45,70,85,1.8,89
8,Ursaluna, ,Ground,Normal,550,130,140,105,45,80,50,2.4,290
8,Basculegion,Male,Water,Ghost,530,120,112,65,80,75,78,3,110
8,Basculegion,Female,Water,Ghost,530,120,92,65,100,75,78,3,110
8,Sneasler, ,Fighting,Poison,510,80,130,60,40,80,120,1.3,43
8,Overqwil, ,Dark,Poison,510,85,115,95,65,65,85,2.5,60.5
8,Enamorus,Incarnate Forme,Fairy,Flying,580,74,115,70,135,80,106,1.6,48
8,Enamorus,Therian Forme,Fairy,Flying,580,74,115,110,135,100,46,1.6,48
9,Tauros,Combat Breed,Fighting, ,490,75,110,105,30,70,100,1.4,115
9,Tauros,Blaze Breed,Fighting,Fire,490,75,110,105,30,70,100,1.4,85
9,Tauros,Aqua Breed,Fighting,Water,490,75,110,105,30,70,100,1.4,110
9,Wooper,Paldean Wooper,Poison,Ground,210,55,45,45,25,25,15,0.4,11
9,Ursaluna,Bloodmoon,Ground,Normal,555,113,70,120,135,65,52,2.7,333
9,Sprigatito, ,Grass, ,310,40,61,54,45,45,65,0.4,4.1
9,Floragato, ,Grass, ,410,61,80,63,60,63,83,0.9,12.2
9,Meowscarada, ,Grass,Dark,530,76,110,70,81,70,123,1.5,31.2
9,Fuecoco, ,Fire, ,310,67,45,59,63,40,36,0.4,9.8
9,Crocalor, ,Fire, ,411,81,55,78,90,58,49,1,30.7
9,Skeledirge, ,Fire,Ghost,530,104,75,100,110,75,66,1.6,326.5
9,Quaxly, ,Water, ,310,55,65,45,50,45,50,0.5,6.1
9,Quaxwell, ,Water, ,410,70,85,65,65,60,65,1.2,21.5
9,Quaquaval, ,Water,Fighting,530,85,120,80,85,75,85,1.8,61.9
9,Lechonk, ,Normal, ,254,54,45,40,35,45,35,0.5,10.2
9,Oinkologne,Male,Normal, ,489,110,100,75,59,80,65,1,120
9,Oinkologne,Female,Normal, ,489,115,90,70,59,90,65,1,120
9,Tarountula, ,Bug, ,210,35,41,45,29,40,20,0.3,4
9,Spidops, ,Bug, ,404,60,79,92,52,86,35,1,16.5
9,Nymble, ,Bug, ,210,33,46,40,21,25,45,0.2,1
9,Lokix, ,Bug,Dark,450,71,102,78,52,55,92,1,17.5
9,Pawmi, ,Electric, ,240,45,50,20,40,25,60,0.3,2.5
9,Pawmo, ,Electric,Fighting,350,60,75,40,50,40,85,0.4,6.5
9,Pawmot, ,Electric,Fighting,490,70,115,70,70,60,105,0.9,41
9,Tandemaus, ,Normal, ,305,50,50,45,40,45,75,0.3,1.8
9,Maushold,Family of Four,Normal, ,470,74,75,70,65,75,111,0.3,2.3
9,Maushold,Family of Three,Normal, ,470,74,75,70,65,75,111,0.3,2.3
9,Fidough, ,Fairy, ,312,37,55,70,30,55,65,0.3,10.9
9,Dachsbun, ,Fairy, ,477,57,80,115,50,80,95,0.5,14.9
9,Smoliv, ,Grass,Normal,260,41,35,45,58,51,30,0.3,6.5
9,Dolliv, ,Grass,Normal,354,52,53,60,78,78,33,0.6,11.9
9,Arboliva, ,Grass,Normal,510,78,69,90,125,109,39,1.4,48.2
9,Squawkabilly,Green Plumage,Normal,Flying,417,82,96,51,45,51,92,0.6,2.4
9,Squawkabilly,Blue Plumage,Normal,Flying,417,82,96,51,45,51,92,0.6,2.4
9,Squawkabilly,Yellow Plumage,Normal,Flying,417,82,96,51,45,51,92,0.6,2.4
9,Squawkabilly,White Plumage,Normal,Flying,417,82,96,51,45,51,92,0.6,2.4
9,Nacli, ,Rock, ,280,55,55,75,35,35,25,0.4,16
9,Naclstack, ,Rock, ,355,60,60,100,35,65,35,0.6,105
9,Garganacl, ,Rock, ,500,100,100,130,45,90,35,2.3,240
9,Charcadet, ,Fire, ,255,40,50,40,50,40,35,0.6,10.5
9,Armarouge, ,Fire,Psychic,525,85,60,100,125,80,75,1.5,85
9,Ceruledge, ,Fire,Ghost,525,75,125,80,60,100,85,1.6,62
9,Tadbulb, ,Electric, ,272,61,31,41,59,35,45,0.3,0.4
9,Bellibolt, ,Electric, ,495,109,64,91,103,83,45,1.2,113
9,Wattrel, ,Electric,Flying,280,40,40,35,55,40,70,0.4,3.6
9,Kilowattrel, ,Electric,Flying,490,70,70,60,105,60,125,1.4,38.6
9,Maschiff, ,Dark, ,340,60,78,60,40,51,51,0.5,16
9,Mabosstiff, ,Dark, ,505,80,120,90,60,70,85,1.1,61
9,Shroodle, ,Poison,Normal,290,40,65,35,40,35,75,0.2,0.7
9,Grafaiai, ,Poison,Normal,485,63,95,65,80,72,110,0.7,27.2
9,Bramblin, ,Grass,Ghost,275,40,65,30,45,35,60,0.6,0.6
9,Brambleghast, ,Grass,Ghost,480,55,115,70,80,70,90,1.2,6
9,Toedscool, ,Ground,Grass,335,40,40,35,50,100,70,0.9,33
9,Toedscruel, ,Ground,Grass,515,80,70,65,80,120,100,1.9,58
9,Klawf, ,Rock, ,450,70,100,115,35,55,75,1.3,79
9,Capsakid, ,Grass, ,304,50,62,40,62,40,50,0.3,3
9,Scovillain, ,Grass,Fire,486,65,108,65,108,65,75,0.9,15
9,Rellor, ,Bug, ,270,41,50,60,31,58,30,0.2,1
9,Rabsca, ,Bug,Psychic,470,75,50,85,115,100,45,0.3,3.5
9,Flittle, ,Psychic, ,255,30,35,30,55,30,75,0.2,1.5
9,Espathra, ,Psychic, ,481,95,60,60,101,60,105,1.9,90
9,Tinkatink, ,Fairy,Steel,297,50,45,45,35,64,58,0.4,8.9
9,Tinkatuff, ,Fairy,Steel,380,65,55,55,45,82,78,0.7,59.1
9,Tinkaton, ,Fairy,Steel,506,85,75,77,70,105,94,0.7,112.8
9,Wiglett, ,Water, ,245,10,55,25,35,25,95,1.2,1.8
9,Wugtrio, ,Water, ,425,35,100,50,50,70,120,1.2,5.4
9,Bombirdier, ,Flying,Dark,485,70,103,85,60,85,82,1.5,42.9
9,Finizen, ,Water, ,315,70,45,40,45,40,75,1.3,60.2
9,Palafin,Zero Form,Water, ,457,100,70,72,53,62,100,1.3,60.2
9,Palafin,Hero Form,Water, ,650,100,160,97,106,87,100,1.8,97.4
9,Varoom, ,Steel,Poison,300,45,70,63,30,45,47,1,35
9,Revavroom, ,Steel,Poison,500,80,119,90,54,67,90,1.8,120
9,Cyclizar, ,Dragon,Normal,501,70,95,65,85,65,121,1.6,63
9,Orthworm, ,Steel, ,480,70,85,145,60,55,65,2.5,310
9,Glimmet, ,Rock,Poison,350,48,35,42,105,60,60,0.7,8
9,Glimmora, ,Rock,Poison,525,83,55,90,130,81,86,1.5,45
9,Greavard, ,Ghost, ,290,50,61,60,30,55,34,0.6,35
9,Houndstone, ,Ghost, ,488,72,101,100,50,97,68,2,15
9,Flamigo, ,Flying,Fighting,500,82,115,74,75,64,90,1.6,37
9,Cetoddle, ,Ice, ,334,108,68,45,30,40,43,1.2,45
9,Cetitan, ,Ice, ,521,170,113,65,45,55,73,4.5,700
9,Veluza, ,Water,Psychic,478,90,102,73,78,65,70,2.5,90
9,Dondozo, ,Water, ,530,150,100,115,65,65,35,12,220
9,Tatsugiri,Curly Form,Dragon,Water,475,68,50,60,120,95,82,0.3,8
9,Tatsugiri,Droopy Form,Dragon,Water,475,68,50,60,120,95,82,0.3,8
9,Tatsugiri,Stretchy Form,Dragon,Water,475,68,50,60,120,95,82,0.3,8
9,Annihilape, ,Fighting,Ghost,535,110,115,80,50,90,90,1.2,56
9,Clodsire, ,Poison,Ground,430,130,75,60,45,100,20,1.8,223
9,Farigiraf, ,Normal,Psychic,520,120,90,70,110,70,60,3.2,160
9,Dudunsparce,Two-Segment Form,Normal, ,520,125,100,80,85,75,55,3.6,39.2
9,Dudunsparce,Three-Segment Form,Normal, ,520,125,100,80,85,75,55,3.6,39.2
9,Kingambit, ,Dark,Steel,550,100,135,120,60,85,50,2,120
9,Great Tusk, ,Ground,Fighting,570,115,131,131,53,53,87,2.2,320
9,Scream Tail, ,Fairy,Psychic,570,115,65,99,65,115,111,1.2,8
9,Brute Bonnet, ,Grass,Dark,570,111,127,99,79,99,55,1.2,21
9,Flutter Mane, ,Ghost,Fairy,570,55,55,55,135,135,135,1.4,4
9,Slither Wing, ,Bug,Fighting,570,85,135,79,85,105,81,3.2,92
9,Sandy Shocks, ,Electric,Ground,570,85,81,97,121,85,101,2.3,60
9,Iron Treads, ,Ground,Steel,570,90,112,120,72,70,106,0.9,240
9,Iron Bundle, ,Ice,Water,570,56,80,114,124,60,136,0.6,11
9,Iron Hands, ,Fighting,Electric,570,154,140,108,50,68,50,1.8,380.7
9,Iron Jugulis, ,Dark,Flying,570,94,80,86,122,80,108,1.3,111
9,Iron Moth, ,Fire,Poison,570,80,70,60,140,110,110,1.2,36
9,Iron Thorns, ,Rock,Electric,570,100,134,110,70,84,72,1.6,303
9,Frigibax, ,Dragon,Ice,320,65,75,45,35,45,55,0.5,17
9,Arctibax, ,Dragon,Ice,423,90,95,66,45,65,62,0.8,30
9,Baxcalibur, ,Dragon,Ice,600,115,145,92,75,86,87,2.1,210
9,Gimmighoul,Chest Form,Ghost, ,300,45,30,70,75,70,10,0.3,5
9,Gimmighoul,Roaming Form,Ghost, ,300,45,30,25,75,45,80,0.3,5
9,Gholdengo, ,Steel,Ghost,550,87,60,95,133,91,84,1.2,30
9,Wo-Chien, ,Dark,Grass,570,85,85,100,95,135,70,1.5,74.2
9,Chien-Pao, ,Dark,Ice,570,80,120,80,90,65,135,1.9,152.2
9,Ting-Lu, ,Dark,Ground,570,155,110,125,55,80,45,2.7,699.7
9,Chi-Yu, ,Dark,Fire,570,55,80,80,135,120,100,0.4,4.9
9,Roaring Moon, ,Dragon,Dark,590,105,139,71,55,101,119,2,380
9,Iron Valiant, ,Fairy,Fighting,590,74,130,90,120,60,116,1.4,35
9,Koraidon, ,Fighting,Dragon,670,100,135,115,85,100,135,2.5,303
9,Miraidon, ,Electric,Dragon,670,100,85,100,135,115,135,3.5,240
9,Walking Wake, ,Water,Dragon,590,99,83,91,125,83,109,3.5,280
9,Iron Leaves, ,Grass,Psychic,590,90,130,88,70,108,104,1.5,125
9,Dipplin, ,Grass,Dragon,485,80,80,110,95,80,40,0.4,9.7
9,Poltchageist, ,Grass,Ghost,308,40,45,45,74,54,50,0.1,1.1
9,Sinistcha, ,Grass,Ghost,508,71,60,106,121,80,70,0.2,2.2
9,Okidogi, ,Poison,Fighting,555,88,128,115,58,86,80,1.8,92.2
9,Munkidori, ,Poison,Psychic,555,88,75,66,130,90,106,1,12.2
9,Fezandipiti, ,Poison,Fairy,555,88,91,82,70,125,99,1.4,30.1
9,Ogerpon,Teal Mask,Grass, ,550,80,120,84,60,96,110,1.2,39.8
9,Ogerpon,Wellspring Mask,Grass,Water,550,80,120,84,60,96,110,1.2,39.8
9,Ogerpon,Hearthflame Mask,Grass,Fire,550,80,120,84,60,96,110,1.2,39.8
9,Ogerpon,Cornerstone Mask,Grass,Rock,550,80,120,84,60,96,110,1.2,39.8
9,Archaludon, ,Steel,Dragon,600,90,105,130,125,65,85,2,60
9,Hydrapple, ,Grass,Dragon,540,106,80,110,120,80,44,1.8,93
9,Gouging Fire, ,Fire,Dragon,590,105,115,121,65,93,91,3.5,590
9,Raging Bolt, ,Electric,Dragon,590,125,73,91,137,89,75,5.2,480
9,Iron Boulder, ,Rock,Psychic,590,90,120,80,68,108,124,1.5,162.5
9,Iron Crown, ,Steel,Psychic,590,90,72,100,122,108,98,1.6,156
9,Terapagos,Normal Form,Normal, ,450,90,65,85,65,85,60,0.2,6.5
9,Terapagos,Terastal Form,Normal, ,600,95,95,110,105,110,85,0.3,16
9,Terapagos,Stellar Form,Normal, ,700,160,105,110,130,110,85,1.7,77
9,Pecharunt, ,Poison,Ghost,600,88,88,160,88,88,88,0.3,0.3
